time,realization,experimentVersionNumber,lat,lon,sd
1950-01-01,0,0001,50.1,12.34,0.01169014
1950-02-01,0,0001,50.1,12.34,0.010151863
1950-03-01,0,0001,50.1,12.34,0.0032987595
1950-04-01,0,0001,50.1,12.34,6.866455e-05
1950-05-01,0,0001,50.1,12.34,-7.146841e-25
1950-06-01,0,0001,50.1,12.34,-7.146841e-25
1950-07-01,0,0001,50.1,12.34,-7.3147685e-25
1950-08-01,0,0001,50.1,12.34,-7.345365e-25
1950-09-01,0,0001,50.1,12.34,-7.345365e-25
1950-10-01,0,0001,50.1,12.34,0.002360344
1950-11-01,0,0001,50.1,12.34,0.0054826736
1950-12-01,0,0001,50.1,12.34,0.014261246
1951-01-01,0,0001,50.1,12.34,0.04652691
1951-02-01,0,0001,50.1,12.34,0.053063393
1951-03-01,0,0001,50.1,12.34,0.017202377
1951-04-01,0,0001,50.1,12.34,7.534027e-05
1951-05-01,0,0001,50.1,12.34,-5.8233525e-25
1951-06-01,0,0001,50.1,12.34,-6.659265e-25
1951-07-01,0,0001,50.1,12.34,-7.303917e-25
1951-08-01,0,0001,50.1,12.34,-7.345365e-25
1951-09-01,0,0001,50.1,12.34,-7.345365e-25
1951-10-01,0,0001,50.1,12.34,-7.345365e-25
1951-11-01,0,0001,50.1,12.34,0.00039863586
1951-12-01,0,0001,50.1,12.34,0.0048294067
1952-01-01,0,0001,50.1,12.34,0.016839027
1952-02-01,0,0001,50.1,12.34,0.05562687
1952-03-01,0,0001,50.1,12.34,0.023765564
1952-04-01,0,0001,50.1,12.34,0.001086235
1952-05-01,0,0001,50.1,12.34,-7.098367e-25
1952-06-01,0,0001,50.1,12.34,-7.1529075e-25
1952-07-01,0,0001,50.1,12.34,-7.323307e-25
1952-08-01,0,0001,50.1,12.34,-7.345365e-25
1952-09-01,0,0001,50.1,12.34,-7.345365e-25
1952-10-01,0,0001,50.1,12.34,2.670288e-05
1952-11-01,0,0001,50.1,12.34,0.013748169
1952-12-01,0,0001,50.1,12.34,0.03318405
1953-01-01,0,0001,50.1,12.34,0.07836628
1953-02-01,0,0001,50.1,12.34,0.09367943
1953-03-01,0,0001,50.1,12.34,0.016787529
1953-04-01,0,0001,50.1,12.34,2.861023e-05
1953-05-01,0,0001,50.1,12.34,0.0005607605
1953-06-01,0,0001,50.1,12.34,-7.345365e-25
1953-07-01,0,0001,50.1,12.34,-7.345365e-25
1953-08-01,0,0001,50.1,12.34,-7.345365e-25
1953-09-01,0,0001,50.1,12.34,-7.345365e-25
1953-10-01,0,0001,50.1,12.34,-7.345365e-25
1953-11-01,0,0001,50.1,12.34,5.722046e-06
1953-12-01,0,0001,50.1,12.34,0.0030555725
1954-01-01,0,0001,50.1,12.34,0.032309532
1954-02-01,0,0001,50.1,12.34,0.03173065
1954-03-01,0,0001,50.1,12.34,0.0046100616
1954-04-01,0,0001,50.1,12.34,0.00077724457
1954-05-01,0,0001,50.1,12.34,-7.345365e-25
1954-06-01,0,0001,50.1,12.34,-7.345365e-25
1954-07-01,0,0001,50.1,12.34,-7.345365e-25
1954-08-01,0,0001,50.1,12.34,-7.345365e-25
1954-09-01,0,0001,50.1,12.34,9.536743e-07
1954-10-01,0,0001,50.1,12.34,6.67572e-06
1954-11-01,0,0001,50.1,12.34,0.0015459061
1954-12-01,0,0001,50.1,12.34,0.006344795
1955-01-01,0,0001,50.1,12.34,0.007840157
1955-02-01,0,0001,50.1,12.34,0.021956444
1955-03-01,0,0001,50.1,12.34,0.031029701
1955-04-01,0,0001,50.1,12.34,0.00040340424
1955-05-01,0,0001,50.1,12.34,6.67572e-06
1955-06-01,0,0001,50.1,12.34,-7.345365e-25
1955-07-01,0,0001,50.1,12.34,-7.345365e-25
1955-08-01,0,0001,50.1,12.34,-7.345365e-25
1955-09-01,0,0001,50.1,12.34,-7.345365e-25
1955-10-01,0,0001,50.1,12.34,9.6321106e-05
1955-11-01,0,0001,50.1,12.34,0.0040416718
1955-12-01,0,0001,50.1,12.34,0.004962921
1956-01-01,0,0001,50.1,12.34,0.015666008
1956-02-01,0,0001,50.1,12.34,0.028367043
1956-03-01,0,0001,50.1,12.34,0.011780739
1956-04-01,0,0001,50.1,12.34,0.0016899109
1956-05-01,0,0001,50.1,12.34,-7.345365e-25
1956-06-01,0,0001,50.1,12.34,-7.345365e-25
1956-07-01,0,0001,50.1,12.34,-7.345365e-25
1956-08-01,0,0001,50.1,12.34,-7.345365e-25
1956-09-01,0,0001,50.1,12.34,-7.345365e-25
1956-10-01,0,0001,50.1,12.34,0.00034236908
1956-11-01,0,0001,50.1,12.34,0.0015048981
1956-12-01,0,0001,50.1,12.34,0.0040750504
1957-01-01,0,0001,50.1,12.34,0.010011673
1957-02-01,0,0001,50.1,12.34,0.0047683716
1957-03-01,0,0001,50.1,12.34,0.0022974014
1957-04-01,0,0001,50.1,12.34,0.00031757355
1957-05-01,0,0001,50.1,12.34,0.00023365021
1957-06-01,0,0001,50.1,12.34,-7.345365e-25
1957-07-01,0,0001,50.1,12.34,-7.345365e-25
1957-08-01,0,0001,50.1,12.34,-7.345365e-25
1957-09-01,0,0001,50.1,12.34,-7.345365e-25
1957-10-01,0,0001,50.1,12.34,-7.345365e-25
1957-11-01,0,0001,50.1,12.34,9.250641e-05
1957-12-01,0,0001,50.1,12.34,0.0108680725
1958-01-01,0,0001,50.1,12.34,0.049674034
1958-02-01,0,0001,50.1,12.34,0.038371086
1958-03-01,0,0001,50.1,12.34,0.04342842
1958-04-01,0,0001,50.1,12.34,0.0029907227
1958-05-01,0,0001,50.1,12.34,-7.345365e-25
1958-06-01,0,0001,50.1,12.34,-7.345365e-25
1958-07-01,0,0001,50.1,12.34,-7.345365e-25
1958-08-01,0,0001,50.1,12.34,-7.345365e-25
1958-09-01,0,0001,50.1,12.34,-7.345365e-25
1958-10-01,0,0001,50.1,12.34,2.9563904e-05
1958-11-01,0,0001,50.1,12.34,7.1525574e-05
1958-12-01,0,0001,50.1,12.34,0.010471344
1959-01-01,0,0001,50.1,12.34,0.0153265
1959-02-01,0,0001,50.1,12.34,0.00971508
1959-03-01,0,0001,50.1,12.34,0.00030994415
1959-04-01,0,0001,50.1,12.34,0.00016975403
1959-05-01,0,0001,50.1,12.34,-7.345365e-25
1959-06-01,0,0001,50.1,12.34,-7.345365e-25
1959-07-01,0,0001,50.1,12.34,-7.345365e-25
1959-08-01,0,0001,50.1,12.34,-7.345365e-25
1959-09-01,0,0001,50.1,12.34,-7.345365e-25
1959-10-01,0,0001,50.1,12.34,0.00020503998
1959-11-01,0,0001,50.1,12.34,0.0014591217
1959-12-01,0,0001,50.1,12.34,0.004597664
1960-01-01,0,0001,50.1,12.34,0.016148567
1960-02-01,0,0001,50.1,12.34,0.02948761
1960-03-01,0,0001,50.1,12.34,0.0018129349
1960-04-01,0,0001,50.1,12.34,0.0003824234
1960-05-01,0,0001,50.1,12.34,3.2424927e-05
1960-06-01,0,0001,50.1,12.34,-7.345365e-25
1960-07-01,0,0001,50.1,12.34,-7.345365e-25
1960-08-01,0,0001,50.1,12.34,-7.345365e-25
1960-09-01,0,0001,50.1,12.34,-7.345365e-25
1960-10-01,0,0001,50.1,12.34,3.2424927e-05
1960-11-01,0,0001,50.1,12.34,9.918213e-05
1960-12-01,0,0001,50.1,12.34,0.016132355
1961-01-01,0,0001,50.1,12.34,0.05415249
1961-02-01,0,0001,50.1,12.34,0.027014732
1961-03-01,0,0001,50.1,12.34,0.0012989044
1961-04-01,0,0001,50.1,12.34,4.7683716e-06
1961-05-01,0,0001,50.1,12.34,-7.345365e-25
1961-06-01,0,0001,50.1,12.34,-7.345365e-25
1961-07-01,0,0001,50.1,12.34,-7.345365e-25
1961-08-01,0,0001,50.1,12.34,-7.345365e-25
1961-09-01,0,0001,50.1,12.34,-7.345365e-25
1961-10-01,0,0001,50.1,12.34,-7.345365e-25
1961-11-01,0,0001,50.1,12.34,0.00069999695
1961-12-01,0,0001,50.1,12.34,0.005627632
1962-01-01,0,0001,50.1,12.34,0.008033752
1962-02-01,0,0001,50.1,12.34,0.025509834
1962-03-01,0,0001,50.1,12.34,0.029678345
1962-04-01,0,0001,50.1,12.34,0.00037670135
1962-05-01,0,0001,50.1,12.34,0.00023460388
1962-06-01,0,0001,50.1,12.34,-7.345365e-25
1962-07-01,0,0001,50.1,12.34,-7.345365e-25
1962-08-01,0,0001,50.1,12.34,-7.345365e-25
1962-09-01,0,0001,50.1,12.34,-7.345365e-25
1962-10-01,0,0001,50.1,12.34,2.3841858e-05
1962-11-01,0,0001,50.1,12.34,0.0049524307
1962-12-01,0,0001,50.1,12.34,0.04173374
1963-01-01,0,0001,50.1,12.34,0.083208084
1963-02-01,0,0001,50.1,12.34,0.10377979
1963-03-01,0,0001,50.1,12.34,0.053647995
1963-04-01,0,0001,50.1,12.34,0.00023078918
1963-05-01,0,0001,50.1,12.34,-7.345365e-25
1963-06-01,0,0001,50.1,12.34,-7.345365e-25
1963-07-01,0,0001,50.1,12.34,-7.345365e-25
1963-08-01,0,0001,50.1,12.34,-7.345365e-25
1963-09-01,0,0001,50.1,12.34,-7.345365e-25
1963-10-01,0,0001,50.1,12.34,-7.345365e-25
1963-11-01,0,0001,50.1,12.34,7.915497e-05
1963-12-01,0,0001,50.1,12.34,0.0019187927
1964-01-01,0,0001,50.1,12.34,0.022677422
1964-02-01,0,0001,50.1,12.34,0.03436947
1964-03-01,0,0001,50.1,12.34,0.009282112
1964-04-01,0,0001,50.1,12.34,0.0002603531
1964-05-01,0,0001,50.1,12.34,-7.345365e-25
1964-06-01,0,0001,50.1,12.34,-7.345365e-25
1964-07-01,0,0001,50.1,12.34,-7.345365e-25
1964-08-01,0,0001,50.1,12.34,-7.345365e-25
1964-09-01,0,0001,50.1,12.34,-7.345365e-25
1964-10-01,0,0001,50.1,12.34,0.00037288666
1964-11-01,0,0001,50.1,12.34,0.00043964386
1964-12-01,0,0001,50.1,12.34,0.014613152
1965-01-01,0,0001,50.1,12.34,0.020998955
1965-02-01,0,0001,50.1,12.34,0.0735054
1965-03-01,0,0001,50.1,12.34,0.07544708
1965-04-01,0,0001,50.1,12.34,4.005432e-05
1965-05-01,0,0001,50.1,12.34,-7.345365e-25
1965-06-01,0,0001,50.1,12.34,-7.345365e-25
1965-07-01,0,0001,50.1,12.34,-7.345365e-25
1965-08-01,0,0001,50.1,12.34,-7.345365e-25
1965-09-01,0,0001,50.1,12.34,-7.345365e-25
1965-10-01,0,0001,50.1,12.34,-7.345365e-25
1965-11-01,0,0001,50.1,12.34,0.0092659
1965-12-01,0,0001,50.1,12.34,0.02230072
1966-01-01,0,0001,50.1,12.34,0.011230469
1966-02-01,0,0001,50.1,12.34,0.0017261505
1966-03-01,0,0001,50.1,12.34,0.0032291412
1966-04-01,0,0001,50.1,12.34,0.0005493164
1966-05-01,0,0001,50.1,12.34,-7.345365e-25
1966-06-01,0,0001,50.1,12.34,-7.345365e-25
1966-07-01,0,0001,50.1,12.34,-7.345365e-25
1966-08-01,0,0001,50.1,12.34,-7.345365e-25
1966-09-01,0,0001,50.1,12.34,-7.345365e-25
1966-10-01,0,0001,50.1,12.34,1.2397766e-05
1966-11-01,0,0001,50.1,12.34,0.0094347
1966-12-01,0,0001,50.1,12.34,0.03639412
1967-01-01,0,0001,50.1,12.34,0.043733597
1967-02-01,0,0001,50.1,12.34,0.005133629
1967-03-01,0,0001,50.1,12.34,0.0025691986
1967-04-01,0,0001,50.1,12.34,0.00056552887
1967-05-01,0,0001,50.1,12.34,-7.345365e-25
1967-06-01,0,0001,50.1,12.34,-7.345365e-25
1967-07-01,0,0001,50.1,12.34,-7.345365e-25
1967-08-01,0,0001,50.1,12.34,-7.345365e-25
1967-09-01,0,0001,50.1,12.34,-7.345365e-25
1967-10-01,0,0001,50.1,12.34,-7.345365e-25
1967-11-01,0,0001,50.1,12.34,0.0006351471
1967-12-01,0,0001,50.1,12.34,0.032592773
1968-01-01,0,0001,50.1,12.34,0.03927517
1968-02-01,0,0001,50.1,12.34,0.026652336
1968-03-01,0,0001,50.1,12.34,0.021467209
1968-04-01,0,0001,50.1,12.34,0.00036144257
1968-05-01,0,0001,50.1,12.34,-7.345365e-25
1968-06-01,0,0001,50.1,12.34,-7.345365e-25
1968-07-01,0,0001,50.1,12.34,-7.345365e-25
1968-08-01,0,0001,50.1,12.34,-7.345365e-25
1968-09-01,0,0001,50.1,12.34,-7.345365e-25
1968-10-01,0,0001,50.1,12.34,-7.345365e-25
1968-11-01,0,0001,50.1,12.34,0.002243042
1968-12-01,0,0001,50.1,12.34,0.006427765
1969-01-01,0,0001,50.1,12.34,0.04079151
1969-02-01,0,0001,50.1,12.34,0.028841019
1969-03-01,0,0001,50.1,12.34,0.016000748
1969-04-01,0,0001,50.1,12.34,0.0013599396
1969-05-01,0,0001,50.1,12.34,-7.345365e-25
1969-06-01,0,0001,50.1,12.34,-7.345365e-25
1969-07-01,0,0001,50.1,12.34,-7.345365e-25
1969-08-01,0,0001,50.1,12.34,-7.345365e-25
1969-09-01,0,0001,50.1,12.34,-7.345365e-25
1969-10-01,0,0001,50.1,12.34,-7.345365e-25
1969-11-01,0,0001,50.1,12.34,0.0042877197
1969-12-01,0,0001,50.1,12.34,0.043218613
1970-01-01,0,0001,50.1,12.34,0.07561302
1970-02-01,0,0001,50.1,12.34,0.11518955
1970-03-01,0,0001,50.1,12.34,0.16000652
1970-04-01,0,0001,50.1,12.34,0.054548264
1970-05-01,0,0001,50.1,12.34,0.0007390976
1970-06-01,0,0001,50.1,12.34,-7.345365e-25
1970-07-01,0,0001,50.1,12.34,-7.345365e-25
1970-08-01,0,0001,50.1,12.34,-7.345365e-25
1970-09-01,0,0001,50.1,12.34,-7.345365e-25
1970-10-01,0,0001,50.1,12.34,0.00040721893
1970-11-01,0,0001,50.1,12.34,8.9645386e-05
1970-12-01,0,0001,50.1,12.34,0.0058956146
1971-01-01,0,0001,50.1,12.34,0.021759033
1971-02-01,0,0001,50.1,12.34,0.0056324005
1971-03-01,0,0001,50.1,12.34,0.014748573
1971-04-01,0,0001,50.1,12.34,8.010864e-05
1971-05-01,0,0001,50.1,12.34,9.536743e-06
1971-06-01,0,0001,50.1,12.34,-7.345365e-25
1971-07-01,0,0001,50.1,12.34,-7.345365e-25
1971-08-01,0,0001,50.1,12.34,-7.345365e-25
1971-09-01,0,0001,50.1,12.34,-7.345365e-25
1971-10-01,0,0001,50.1,12.34,0.00031852722
1971-11-01,0,0001,50.1,12.34,0.010250092
1971-12-01,0,0001,50.1,12.34,0.006354332
1972-01-01,0,0001,50.1,12.34,0.008803368
1972-02-01,0,0001,50.1,12.34,0.008271217
1972-03-01,0,0001,50.1,12.34,0.00067329407
1972-04-01,0,0001,50.1,12.34,0.000104904175
1972-05-01,0,0001,50.1,12.34,9.536743e-07
1972-06-01,0,0001,50.1,12.34,-7.345365e-25
1972-07-01,0,0001,50.1,12.34,-7.345365e-25
1972-08-01,0,0001,50.1,12.34,-7.345365e-25
1972-09-01,0,0001,50.1,12.34,-7.345365e-25
1972-10-01,0,0001,50.1,12.34,0.0006418228
1972-11-01,0,0001,50.1,12.34,0.005973816
1972-12-01,0,0001,50.1,12.34,0.0009975433
1973-01-01,0,0001,50.1,12.34,0.0053138733
1973-02-01,0,0001,50.1,12.34,0.018227577
1973-03-01,0,0001,50.1,12.34,0.016116142
1973-04-01,0,0001,50.1,12.34,0.007666588
1973-05-01,0,0001,50.1,12.34,-7.345365e-25
1973-06-01,0,0001,50.1,12.34,-7.345365e-25
1973-07-01,0,0001,50.1,12.34,-7.345365e-25
1973-08-01,0,0001,50.1,12.34,-7.345365e-25
1973-09-01,0,0001,50.1,12.34,-7.345365e-25
1973-10-01,0,0001,50.1,12.34,0.00035762787
1973-11-01,0,0001,50.1,12.34,0.0035095215
1973-12-01,0,0001,50.1,12.34,0.031942368
1974-01-01,0,0001,50.1,12.34,0.025616646
1974-02-01,0,0001,50.1,12.34,0.0072278976
1974-03-01,0,0001,50.1,12.34,0.0037899017
1974-04-01,0,0001,50.1,12.34,0.00067710876
1974-05-01,0,0001,50.1,12.34,6.1035156e-05
1974-06-01,0,0001,50.1,12.34,-7.345365e-25
1974-07-01,0,0001,50.1,12.34,-7.345365e-25
1974-08-01,0,0001,50.1,12.34,-7.345365e-25
1974-09-01,0,0001,50.1,12.34,-7.345365e-25
1974-10-01,0,0001,50.1,12.34,0.0045375824
1974-11-01,0,0001,50.1,12.34,0.003827095
1974-12-01,0,0001,50.1,12.34,0.010225296
1975-01-01,0,0001,50.1,12.34,0.0038614273
1975-02-01,0,0001,50.1,12.34,0.0069446564
1975-03-01,0,0001,50.1,12.34,0.0033197403
1975-04-01,0,0001,50.1,12.34,0.0021219254
1975-05-01,0,0001,50.1,12.34,2.861023e-06
1975-06-01,0,0001,50.1,12.34,-7.345365e-25
1975-07-01,0,0001,50.1,12.34,-7.345365e-25
1975-08-01,0,0001,50.1,12.34,-7.345365e-25
1975-09-01,0,0001,50.1,12.34,-7.345365e-25
1975-10-01,0,0001,50.1,12.34,1.9073486e-06
1975-11-01,0,0001,50.1,12.34,0.007101059
1975-12-01,0,0001,50.1,12.34,0.007828712
1976-01-01,0,0001,50.1,12.34,0.0157938
1976-02-01,0,0001,50.1,12.34,0.024825096
1976-03-01,0,0001,50.1,12.34,0.002175331
1976-04-01,0,0001,50.1,12.34,0.0003862381
1976-05-01,0,0001,50.1,12.34,1.7166138e-05
1976-06-01,0,0001,50.1,12.34,-7.345365e-25
1976-07-01,0,0001,50.1,12.34,-7.345365e-25
1976-08-01,0,0001,50.1,12.34,-7.345365e-25
1976-09-01,0,0001,50.1,12.34,-7.345365e-25
1976-10-01,0,0001,50.1,12.34,-7.345365e-25
1976-11-01,0,0001,50.1,12.34,0.0027856827
1976-12-01,0,0001,50.1,12.34,0.014036179
1977-01-01,0,0001,50.1,12.34,0.03149128
1977-02-01,0,0001,50.1,12.34,0.003129959
1977-03-01,0,0001,50.1,12.34,0.000620842
1977-04-01,0,0001,50.1,12.34,0.0019264221
1977-05-01,0,0001,50.1,12.34,-7.345365e-25
1977-06-01,0,0001,50.1,12.34,-7.345365e-25
1977-07-01,0,0001,50.1,12.34,-7.345365e-25
1977-08-01,0,0001,50.1,12.34,-7.345365e-25
1977-09-01,0,0001,50.1,12.34,-7.345365e-25
1977-10-01,0,0001,50.1,12.34,-7.345365e-25
1977-11-01,0,0001,50.1,12.34,0.008583069
1977-12-01,0,0001,50.1,12.34,0.018034935
1978-01-01,0,0001,50.1,12.34,0.03900528
1978-02-01,0,0001,50.1,12.34,0.07000828
1978-03-01,0,0001,50.1,12.34,0.007977486
1978-04-01,0,0001,50.1,12.34,7.05719e-05
1978-05-01,0,0001,50.1,12.34,6.771088e-05
1978-06-01,0,0001,50.1,12.34,-7.345365e-25
1978-07-01,0,0001,50.1,12.34,-7.345365e-25
1978-08-01,0,0001,50.1,12.34,-7.345365e-25
1978-09-01,0,0001,50.1,12.34,-7.345365e-25
1978-10-01,0,0001,50.1,12.34,-7.345365e-25
1978-11-01,0,0001,50.1,12.34,0.00069999695
1978-12-01,0,0001,50.1,12.34,0.004199028
1979-01-01,0,0001,50.1,12.34,0.02734375
1979-02-01,0,0001,50.1,12.34,0.0544672
1979-03-01,0,0001,50.1,12.34,0.015079498
1979-04-01,0,0001,50.1,12.34,0.002875328
1979-05-01,0,0001,50.1,12.34,6.198883e-05
1979-06-01,0,0001,50.1,12.34,-7.345365e-25
1979-07-01,0,0001,50.1,12.34,-7.345365e-25
1979-08-01,0,0001,50.1,12.34,-7.345365e-25
1979-09-01,0,0001,50.1,12.34,-7.345365e-25
1979-10-01,0,0001,50.1,12.34,-7.345365e-25
1979-11-01,0,0001,50.1,12.34,0.0065641403
1979-12-01,0,0001,50.1,12.34,0.005173683
1980-01-01,0,0001,50.1,12.34,0.041576385
1980-02-01,0,0001,50.1,12.34,0.011741638
1980-03-01,0,0001,50.1,12.34,0.0032672882
1980-04-01,0,0001,50.1,12.34,0.007176399
1980-05-01,0,0001,50.1,12.34,3.33786e-05
1980-06-01,0,0001,50.1,12.34,-7.345365e-25
1980-07-01,0,0001,50.1,12.34,-7.345365e-25
1980-08-01,0,0001,50.1,12.34,-7.345365e-25
1980-09-01,0,0001,50.1,12.34,-7.345365e-25
1980-10-01,0,0001,50.1,12.34,5.9127808e-05
1980-11-01,0,0001,50.1,12.34,0.0030488968
1980-12-01,0,0001,50.1,12.34,0.0117406845
1981-01-01,0,0001,50.1,12.34,0.047475815
1981-02-01,0,0001,50.1,12.34,0.0690918
1981-03-01,0,0001,50.1,12.34,0.017241478
1981-04-01,0,0001,50.1,12.34,0.0011949539
1981-05-01,0,0001,50.1,12.34,5.531311e-05
1981-06-01,0,0001,50.1,12.34,-7.345365e-25
1981-07-01,0,0001,50.1,12.34,-7.345365e-25
1981-08-01,0,0001,50.1,12.34,-7.345365e-25
1981-09-01,0,0001,50.1,12.34,-7.345365e-25
1981-10-01,0,0001,50.1,12.34,0.000500679
1981-11-01,0,0001,50.1,12.34,0.0053224564
1981-12-01,0,0001,50.1,12.34,0.09774971
1982-01-01,0,0001,50.1,12.34,0.0754652
1982-02-01,0,0001,50.1,12.34,0.047906876
1982-03-01,0,0001,50.1,12.34,0.0037813187
1982-04-01,0,0001,50.1,12.34,0.0013008118
1982-05-01,0,0001,50.1,12.34,0.00012588501
1982-06-01,0,0001,50.1,12.34,-7.345365e-25
1982-07-01,0,0001,50.1,12.34,-7.345365e-25
1982-08-01,0,0001,50.1,12.34,-7.345365e-25
1982-09-01,0,0001,50.1,12.34,-7.345365e-25
1982-10-01,0,0001,50.1,12.34,1.6212463e-05
1982-11-01,0,0001,50.1,12.34,0.00053310394
1982-12-01,0,0001,50.1,12.34,0.0062294006
1983-01-01,0,0001,50.1,12.34,0.0063056946
1983-02-01,0,0001,50.1,12.34,0.028058052
1983-03-01,0,0001,50.1,12.34,0.0039892197
1983-04-01,0,0001,50.1,12.34,0.00049495697
1983-05-01,0,0001,50.1,12.34,-7.345365e-25
1983-06-01,0,0001,50.1,12.34,-7.345365e-25
1983-07-01,0,0001,50.1,12.34,-7.345365e-25
1983-08-01,0,0001,50.1,12.34,-7.345365e-25
1983-09-01,0,0001,50.1,12.34,-7.345365e-25
1983-10-01,0,0001,50.1,12.34,9.536743e-07
1983-11-01,0,0001,50.1,12.34,0.0018997192
1983-12-01,0,0001,50.1,12.34,0.007950783
1984-01-01,0,0001,50.1,12.34,0.020093918
1984-02-01,0,0001,50.1,12.34,0.046669006
1984-03-01,0,0001,50.1,12.34,0.030975342
1984-04-01,0,0001,50.1,12.34,0.0020370483
1984-05-01,0,0001,50.1,12.34,9.536743e-06
1984-06-01,0,0001,50.1,12.34,-7.345365e-25
1984-07-01,0,0001,50.1,12.34,-7.345365e-25
1984-08-01,0,0001,50.1,12.34,-7.345365e-25
1984-09-01,0,0001,50.1,12.34,-7.345365e-25
1984-10-01,0,0001,50.1,12.34,-7.345365e-25
1984-11-01,0,0001,50.1,12.34,0.00018596649
1984-12-01,0,0001,50.1,12.34,0.0035514832
1985-01-01,0,0001,50.1,12.34,0.021133423
1985-02-01,0,0001,50.1,12.34,0.013593674
1985-03-01,0,0001,50.1,12.34,0.0055150986
1985-04-01,0,0001,50.1,12.34,0.00094890594
1985-05-01,0,0001,50.1,12.34,0.000289917
1985-06-01,0,0001,50.1,12.34,-7.345365e-25
1985-07-01,0,0001,50.1,12.34,-7.345365e-25
1985-08-01,0,0001,50.1,12.34,-7.345365e-25
1985-09-01,0,0001,50.1,12.34,-7.345365e-25
1985-10-01,0,0001,50.1,12.34,7.6293945e-06
1985-11-01,0,0001,50.1,12.34,0.007815361
1985-12-01,0,0001,50.1,12.34,0.0051879883
1986-01-01,0,0001,50.1,12.34,0.037656784
1986-02-01,0,0001,50.1,12.34,0.05131626
1986-03-01,0,0001,50.1,12.34,0.018614769
1986-04-01,0,0001,50.1,12.34,0.0013723373
1986-05-01,0,0001,50.1,12.34,-7.345365e-25
1986-06-01,0,0001,50.1,12.34,-7.345365e-25
1986-07-01,0,0001,50.1,12.34,-7.345365e-25
1986-08-01,0,0001,50.1,12.34,-7.345365e-25
1986-09-01,0,0001,50.1,12.34,-7.345365e-25
1986-10-01,0,0001,50.1,12.34,-7.345365e-25
1986-11-01,0,0001,50.1,12.34,6.67572e-06
1986-12-01,0,0001,50.1,12.34,0.010601044
1987-01-01,0,0001,50.1,12.34,0.0438776
1987-02-01,0,0001,50.1,12.34,0.055609703
1987-03-01,0,0001,50.1,12.34,0.05804348
1987-04-01,0,0001,50.1,12.34,0.0005283356
1987-05-01,0,0001,50.1,12.34,0.0001411438
1987-06-01,0,0001,50.1,12.34,-7.345365e-25
1987-07-01,0,0001,50.1,12.34,-7.345365e-25
1987-08-01,0,0001,50.1,12.34,-7.345365e-25
1987-09-01,0,0001,50.1,12.34,-7.345365e-25
1987-10-01,0,0001,50.1,12.34,-7.345365e-25
1987-11-01,0,0001,50.1,12.34,0.000497818
1987-12-01,0,0001,50.1,12.34,0.001408577
1988-01-01,0,0001,50.1,12.34,0.0031013489
1988-02-01,0,0001,50.1,12.34,0.022872925
1988-03-01,0,0001,50.1,12.34,0.07130337
1988-04-01,0,0001,50.1,12.34,0.0004787445
1988-05-01,0,0001,50.1,12.34,-7.345365e-25
1988-06-01,0,0001,50.1,12.34,-7.345365e-25
1988-07-01,0,0001,50.1,12.34,-7.345365e-25
1988-08-01,0,0001,50.1,12.34,-7.345365e-25
1988-09-01,0,0001,50.1,12.34,-7.345365e-25
1988-10-01,0,0001,50.1,12.34,1.335144e-05
1988-11-01,0,0001,50.1,12.34,0.0055189133
1988-12-01,0,0001,50.1,12.34,0.0105781555
1989-01-01,0,0001,50.1,12.34,0.0022554398
1989-02-01,0,0001,50.1,12.34,0.0015068054
1989-03-01,0,0001,50.1,12.34,0.0007839203
1989-04-01,0,0001,50.1,12.34,0.0005264282
1989-05-01,0,0001,50.1,12.34,4.196167e-05
1989-06-01,0,0001,50.1,12.34,-7.345365e-25
1989-07-01,0,0001,50.1,12.34,-7.345365e-25
1989-08-01,0,0001,50.1,12.34,-7.345365e-25
1989-09-01,0,0001,50.1,12.34,-7.345365e-25
1989-10-01,0,0001,50.1,12.34,-7.345365e-25
1989-11-01,0,0001,50.1,12.34,0.003019333
1989-12-01,0,0001,50.1,12.34,0.0061397552
1990-01-01,0,0001,50.1,12.34,0.003145218
1990-02-01,0,0001,50.1,12.34,0.007411957
1990-03-01,0,0001,50.1,12.34,0.0031909943
1990-04-01,0,0001,50.1,12.34,0.00019264221
1990-05-01,0,0001,50.1,12.34,-7.345365e-25
1990-06-01,0,0001,50.1,12.34,-7.345365e-25
1990-07-01,0,0001,50.1,12.34,-7.345365e-25
1990-08-01,0,0001,50.1,12.34,-7.345365e-25
1990-09-01,0,0001,50.1,12.34,-7.345365e-25
1990-10-01,0,0001,50.1,12.34,3.0517578e-05
1990-11-01,0,0001,50.1,12.34,0.002325058
1990-12-01,0,0001,50.1,12.34,0.020899773
1991-01-01,0,0001,50.1,12.34,0.0014982224
1991-02-01,0,0001,50.1,12.34,0.011876106
1991-03-01,0,0001,50.1,12.34,0.00042819977
1991-04-01,0,0001,50.1,12.34,0.00044631958
1991-05-01,0,0001,50.1,12.34,4.7683716e-06
1991-06-01,0,0001,50.1,12.34,-7.345365e-25
1991-07-01,0,0001,50.1,12.34,-7.345365e-25
1991-08-01,0,0001,50.1,12.34,-7.345365e-25
1991-09-01,0,0001,50.1,12.34,-7.345365e-25
1991-10-01,0,0001,50.1,12.34,4.4822693e-05
1991-11-01,0,0001,50.1,12.34,0.0019779205
1991-12-01,0,0001,50.1,12.34,0.008270264
1992-01-01,0,0001,50.1,12.34,0.009233475
1992-02-01,0,0001,50.1,12.34,0.005914688
1992-03-01,0,0001,50.1,12.34,0.004108429
1992-04-01,0,0001,50.1,12.34,0.00035762787
1992-05-01,0,0001,50.1,12.34,-7.345365e-25
1992-06-01,0,0001,50.1,12.34,-7.345365e-25
1992-07-01,0,0001,50.1,12.34,-7.345365e-25
1992-08-01,0,0001,50.1,12.34,-7.345365e-25
1992-09-01,0,0001,50.1,12.34,-7.345365e-25
1992-10-01,0,0001,50.1,12.34,0.00025177002
1992-11-01,0,0001,50.1,12.34,0.0019006729
1992-12-01,0,0001,50.1,12.34,0.0072221756
1993-01-01,0,0001,50.1,12.34,0.0057640076
1993-02-01,0,0001,50.1,12.34,0.026766777
1993-03-01,0,0001,50.1,12.34,0.016329765
1993-04-01,0,0001,50.1,12.34,8.201599e-05
1993-05-01,0,0001,50.1,12.34,-7.345365e-25
1993-06-01,0,0001,50.1,12.34,-7.345365e-25
1993-07-01,0,0001,50.1,12.34,-7.345365e-25
1993-08-01,0,0001,50.1,12.34,-7.345365e-25
1993-09-01,0,0001,50.1,12.34,-7.345365e-25
1993-10-01,0,0001,50.1,12.34,-7.345365e-25
1993-11-01,0,0001,50.1,12.34,0.005127907
1993-12-01,0,0001,50.1,12.34,0.010770798
1994-01-01,0,0001,50.1,12.34,0.0027246475
1994-02-01,0,0001,50.1,12.34,0.011548042
1994-03-01,0,0001,50.1,12.34,0.00079250336
1994-04-01,0,0001,50.1,12.34,0.00066185
1994-05-01,0,0001,50.1,12.34,-7.345365e-25
1994-06-01,0,0001,50.1,12.34,-7.345365e-25
1994-07-01,0,0001,50.1,12.34,-7.345365e-25
1994-08-01,0,0001,50.1,12.34,-7.345365e-25
1994-09-01,0,0001,50.1,12.34,-7.345365e-25
1994-10-01,0,0001,50.1,12.34,3.9100647e-05
1994-11-01,0,0001,50.1,12.34,9.059906e-05
1994-12-01,0,0001,50.1,12.34,0.00248909
1995-01-01,0,0001,50.1,12.34,0.020908356
1995-02-01,0,0001,50.1,12.34,0.0023813248
1995-03-01,0,0001,50.1,12.34,0.003704071
1995-04-01,0,0001,50.1,12.34,0.0010004044
1995-05-01,0,0001,50.1,12.34,-7.345365e-25
1995-06-01,0,0001,50.1,12.34,-7.345365e-25
1995-07-01,0,0001,50.1,12.34,-7.345365e-25
1995-08-01,0,0001,50.1,12.34,-7.345365e-25
1995-09-01,0,0001,50.1,12.34,-7.345365e-25
1995-10-01,0,0001,50.1,12.34,-7.345365e-25
1995-11-01,0,0001,50.1,12.34,0.007060051
1995-12-01,0,0001,50.1,12.34,0.010540962
1996-01-01,0,0001,50.1,12.34,0.007712364
1996-02-01,0,0001,50.1,12.34,0.022301674
1996-03-01,0,0001,50.1,12.34,0.016342163
1996-04-01,0,0001,50.1,12.34,0.0021629333
1996-05-01,0,0001,50.1,12.34,-7.345365e-25
1996-06-01,0,0001,50.1,12.34,-7.345365e-25
1996-07-01,0,0001,50.1,12.34,-7.345365e-25
1996-08-01,0,0001,50.1,12.34,-7.345365e-25
1996-09-01,0,0001,50.1,12.34,-7.345365e-25
1996-10-01,0,0001,50.1,12.34,-7.345365e-25
1996-11-01,0,0001,50.1,12.34,0.00223732
1996-12-01,0,0001,50.1,12.34,0.020843506
1997-01-01,0,0001,50.1,12.34,0.027330399
1997-02-01,0,0001,50.1,12.34,0.013022423
1997-03-01,0,0001,50.1,12.34,0.0010604858
1997-04-01,0,0001,50.1,12.34,0.0014019012
1997-05-01,0,0001,50.1,12.34,1.1444092e-05
1997-06-01,0,0001,50.1,12.34,-7.345365e-25
1997-07-01,0,0001,50.1,12.34,-7.345365e-25
1997-08-01,0,0001,50.1,12.34,-7.345365e-25
1997-09-01,0,0001,50.1,12.34,-7.345365e-25
1997-10-01,0,0001,50.1,12.34,0.00029563904
1997-11-01,0,0001,50.1,12.34,0.00017547607
1997-12-01,0,0001,50.1,12.34,0.00525856
1998-01-01,0,0001,50.1,12.34,0.00650692
1998-02-01,0,0001,50.1,12.34,0.0063524246
1998-03-01,0,0001,50.1,12.34,0.0026578903
1998-04-01,0,0001,50.1,12.34,7.6293945e-06
1998-05-01,0,0001,50.1,12.34,-7.345365e-25
1998-06-01,0,0001,50.1,12.34,-7.345365e-25
1998-07-01,0,0001,50.1,12.34,-7.345365e-25
1998-08-01,0,0001,50.1,12.34,-7.345365e-25
1998-09-01,0,0001,50.1,12.34,-7.345365e-25
1998-10-01,0,0001,50.1,12.34,2.5749207e-05
1998-11-01,0,0001,50.1,12.34,0.007754326
1998-12-01,0,0001,50.1,12.34,0.012649536
1999-01-01,0,0001,50.1,12.34,0.007782936
1999-02-01,0,0001,50.1,12.34,0.035484314
1999-03-01,0,0001,50.1,12.34,0.0033683777
1999-04-01,0,0001,50.1,12.34,0.00070381165
1999-05-01,0,0001,50.1,12.34,-7.345365e-25
1999-06-01,0,0001,50.1,12.34,-7.345365e-25
1999-07-01,0,0001,50.1,12.34,-7.345365e-25
1999-08-01,0,0001,50.1,12.34,-7.345365e-25
1999-09-01,0,0001,50.1,12.34,-7.345365e-25
1999-10-01,0,0001,50.1,12.34,-7.345365e-25
1999-11-01,0,0001,50.1,12.34,0.0027990341
1999-12-01,0,0001,50.1,12.34,0.015685081
2000-01-01,0,0001,50.1,12.34,0.03749752
2000-02-01,0,0001,50.1,12.34,0.006699562
2000-03-01,0,0001,50.1,12.34,0.002623558
2000-04-01,0,0001,50.1,12.34,1.4305115e-05
2000-05-01,0,0001,50.1,12.34,-7.345365e-25
2000-06-01,0,0001,50.1,12.34,-7.345365e-25
2000-07-01,0,0001,50.1,12.34,-7.345365e-25
2000-08-01,0,0001,50.1,12.34,-7.345365e-25
2000-09-01,0,0001,50.1,12.34,-7.345365e-25
2000-10-01,0,0001,50.1,12.34,-7.345365e-25
2000-11-01,0,0001,50.1,12.34,5.6266785e-05
2000-12-01,0,0001,50.1,12.34,0.0029277802
2001-01-01,0,0001,50.1,12.34,0.0061950684
2001-02-01,0,0001,50.1,12.34,0.006412506
2001-03-01,0,0001,50.1,12.34,0.0042304993
2001-04-01,0,0001,50.1,12.34,0.0012845993
2001-05-01,0,0001,50.1,12.34,-7.345365e-25
2001-06-01,0,0001,50.1,12.34,-7.345365e-25
2001-07-01,0,0001,50.1,12.34,-7.345365e-25
2001-08-01,0,0001,50.1,12.34,-7.345365e-25
2001-09-01,0,0001,50.1,12.34,-7.345365e-25
2001-10-01,0,0001,50.1,12.34,-7.345365e-25
2001-11-01,0,0001,50.1,12.34,0.0043287277
2001-12-01,0,0001,50.1,12.34,0.019118309
2002-01-01,0,0001,50.1,12.34,0.056325912
2002-02-01,0,0001,50.1,12.34,0.0052843094
2002-03-01,0,0001,50.1,12.34,0.0013780594
2002-04-01,0,0001,50.1,12.34,1.6212463e-05
2002-05-01,0,0001,50.1,12.34,-7.2791903e-25
2002-06-01,0,0001,50.1,12.34,-7.2791903e-25
2002-07-01,0,0001,50.1,12.34,-7.2791903e-25
2002-08-01,0,0001,50.1,12.34,-7.2791903e-25
2002-09-01,0,0001,50.1,12.34,2.861023e-06
2002-10-01,0,0001,50.1,12.34,7.6293945e-06
2002-11-01,0,0001,50.1,12.34,0.000957489
2002-12-01,0,0001,50.1,12.34,0.0016098022
2003-01-01,0,0001,50.1,12.34,0.00776577
2003-02-01,0,0001,50.1,12.34,0.028871536
2003-03-01,0,0001,50.1,12.34,0.0013904572
2003-04-01,0,0001,50.1,12.34,0.000957489
2003-05-01,0,0001,50.1,12.34,-7.2791903e-25
2003-06-01,0,0001,50.1,12.34,-7.2791903e-25
2003-07-01,0,0001,50.1,12.34,-7.2791903e-25
2003-08-01,0,0001,50.1,12.34,-7.302405e-25
2003-09-01,0,0001,50.1,12.34,-7.345365e-25
2003-10-01,0,0001,50.1,12.34,0.00095653534
2003-11-01,0,0001,50.1,12.34,6.771088e-05
2003-12-01,0,0001,50.1,12.34,0.0044355392
2004-01-01,0,0001,50.1,12.34,0.022348404
2004-02-01,0,0001,50.1,12.34,0.011613846
2004-03-01,0,0001,50.1,12.34,0.009554863
2004-04-01,0,0001,50.1,12.34,0.00015830994
2004-05-01,0,0001,50.1,12.34,3.1471252e-05
2004-06-01,0,0001,50.1,12.34,-7.2791903e-25
2004-07-01,0,0001,50.1,12.34,-7.306052e-25
2004-08-01,0,0001,50.1,12.34,-7.345365e-25
2004-09-01,0,0001,50.1,12.34,-7.345365e-25
2004-10-01,0,0001,50.1,12.34,-7.345365e-25
2004-11-01,0,0001,50.1,12.34,0.0053958893
2004-12-01,0,0001,50.1,12.34,0.0065488815
2005-01-01,0,0001,50.1,12.34,0.009876251
2005-02-01,0,0001,50.1,12.34,0.040493965
2005-03-01,0,0001,50.1,12.34,0.027799606
2005-04-01,0,0001,50.1,12.34,1.5258789e-05
2005-05-01,0,0001,50.1,12.34,4.7683716e-06
2005-06-01,0,0001,50.1,12.34,-7.345365e-25
2005-07-01,0,0001,50.1,12.34,-7.345365e-25
2005-08-01,0,0001,50.1,12.34,-7.345365e-25
2005-09-01,0,0001,50.1,12.34,-7.345365e-25
2005-10-01,0,0001,50.1,12.34,-7.345365e-25
2005-11-01,0,0001,50.1,12.34,0.00819397
2005-12-01,0,0001,50.1,12.34,0.026857376
2006-01-01,0,0001,50.1,12.34,0.043851852
2006-02-01,0,0001,50.1,12.34,0.070913315
2006-03-01,0,0001,50.1,12.34,0.06851959
2006-04-01,0,0001,50.1,12.34,0.00030136108
2006-05-01,0,0001,50.1,12.34,3.6239624e-05
2006-06-01,0,0001,50.1,12.34,-7.345365e-25
2006-07-01,0,0001,50.1,12.34,-7.345365e-25
2006-08-01,0,0001,50.1,12.34,-7.345365e-25
2006-09-01,0,0001,50.1,12.34,-7.345365e-25
2006-10-01,0,0001,50.1,12.34,-7.345365e-25
2006-11-01,0,0001,50.1,12.34,0.0003709793
2006-12-01,0,0001,50.1,12.34,0.0010719299
2007-01-01,0,0001,50.1,12.34,0.004934311
2007-02-01,0,0001,50.1,12.34,0.0037240982
2007-03-01,0,0001,50.1,12.34,0.0013818741
2007-04-01,0,0001,50.1,12.34,3.8146973e-06
2007-05-01,0,0001,50.1,12.34,-7.345365e-25
2007-06-01,0,0001,50.1,12.34,-7.345365e-25
2007-07-01,0,0001,50.1,12.34,-7.345365e-25
2007-08-01,0,0001,50.1,12.34,-7.345365e-25
2007-09-01,0,0001,50.1,12.34,-7.345365e-25
2007-10-01,0,0001,50.1,12.34,0.0003376007
2007-11-01,0,0001,50.1,12.34,0.017345428
2007-12-01,0,0001,50.1,12.34,0.0028276443
2008-01-01,0,0001,50.1,12.34,0.0034360886
2008-02-01,0,0001,50.1,12.34,0.0010461807
2008-03-01,0,0001,50.1,12.34,0.005744934
2008-04-01,0,0001,50.1,12.34,0.00031375885
2008-05-01,0,0001,50.1,12.34,-7.345365e-25
2008-06-01,0,0001,50.1,12.34,-7.345365e-25
2008-07-01,0,0001,50.1,12.34,-7.345365e-25
2008-08-01,0,0001,50.1,12.34,-7.345365e-25
2008-09-01,0,0001,50.1,12.34,-7.345365e-25
2008-10-01,0,0001,50.1,12.34,0.00039291382
2008-11-01,0,0001,50.1,12.34,0.0042848587
2008-12-01,0,0001,50.1,12.34,0.016289711
2009-01-01,0,0001,50.1,12.34,0.01235199
2009-02-01,0,0001,50.1,12.34,0.029524803
2009-03-01,0,0001,50.1,12.34,0.007293701
2009-04-01,0,0001,50.1,12.34,5.722046e-06
2009-05-01,0,0001,50.1,12.34,-7.345365e-25
2009-06-01,0,0001,50.1,12.34,-7.345365e-25
2009-07-01,0,0001,50.1,12.34,-7.345365e-25
2009-08-01,0,0001,50.1,12.34,-7.345365e-25
2009-09-01,0,0001,50.1,12.34,-7.345365e-25
2009-10-01,0,0001,50.1,12.34,0.0011339188
2009-11-01,0,0001,50.1,12.34,9.536743e-07
2009-12-01,0,0001,50.1,12.34,0.004125595
2010-01-01,0,0001,50.1,12.34,0.033046722
2010-02-01,0,0001,50.1,12.34,0.07833195
2010-03-01,0,0001,50.1,12.34,0.023819923
2010-04-01,0,0001,50.1,12.34,0.0001783371
2010-05-01,0,0001,50.1,12.34,-7.345365e-25
2010-06-01,0,0001,50.1,12.34,-7.345365e-25
2010-07-01,0,0001,50.1,12.34,-7.345365e-25
2010-08-01,0,0001,50.1,12.34,-7.345365e-25
2010-09-01,0,0001,50.1,12.34,-7.345365e-25
2010-10-01,0,0001,50.1,12.34,3.1471252e-05
2010-11-01,0,0001,50.1,12.34,0.005188942
2010-12-01,0,0001,50.1,12.34,0.081710815
2011-01-01,0,0001,50.1,12.34,0.06370163
2011-02-01,0,0001,50.1,12.34,0.010640144
2011-03-01,0,0001,50.1,12.34,0.00065612793
2011-04-01,0,0001,50.1,12.34,8.583069e-06
2011-05-01,0,0001,50.1,12.34,-7.345365e-25
2011-06-01,0,0001,50.1,12.34,-7.345365e-25
2011-07-01,0,0001,50.1,12.34,-7.345365e-25
2011-08-01,0,0001,50.1,12.34,-7.345365e-25
2011-09-01,0,0001,50.1,12.34,-7.345365e-25
2011-10-01,0,0001,50.1,12.34,-7.345365e-25
2011-11-01,0,0001,50.1,12.34,3.4332275e-05
2011-12-01,0,0001,50.1,12.34,0.00875473
2012-01-01,0,0001,50.1,12.34,0.016747475
2012-02-01,0,0001,50.1,12.34,0.024827957
2012-03-01,0,0001,50.1,12.34,0.00032043457
2012-04-01,0,0001,50.1,12.34,0.000118255615
2012-05-01,0,0001,50.1,12.34,-7.345365e-25
2012-06-01,0,0001,50.1,12.34,-7.345365e-25
2012-07-01,0,0001,50.1,12.34,-7.345365e-25
2012-08-01,0,0001,50.1,12.34,-7.345365e-25
2012-09-01,0,0001,50.1,12.34,-7.345365e-25
2012-10-01,0,0001,50.1,12.34,0.0024175644
2012-11-01,0,0001,50.1,12.34,0.0019207001
2012-12-01,0,0001,50.1,12.34,0.032094955
2013-01-01,0,0001,50.1,12.34,0.007464409
2013-02-01,0,0001,50.1,12.34,0.01842022
2013-03-01,0,0001,50.1,12.34,0.009648323
2013-04-01,0,0001,50.1,12.34,0.0019788742
2013-05-01,0,0001,50.1,12.34,9.536743e-07
2013-06-01,0,0001,50.1,12.34,-7.345365e-25
2013-07-01,0,0001,50.1,12.34,-7.345365e-25
2013-08-01,0,0001,50.1,12.34,-7.345365e-25
2013-09-01,0,0001,50.1,12.34,-7.345365e-25
2013-10-01,0,0001,50.1,12.34,-7.345365e-25
2013-11-01,0,0001,50.1,12.34,0.0006599426
2013-12-01,0,0001,50.1,12.34,0.004392624
2014-01-01,0,0001,50.1,12.34,0.004436493
2014-02-01,0,0001,50.1,12.34,0.0034761429
2014-03-01,0,0001,50.1,12.34,5.531311e-05
2014-04-01,0,0001,50.1,12.34,5.9127808e-05
2014-05-01,0,0001,50.1,12.34,-7.345365e-25
2014-06-01,0,0001,50.1,12.34,-7.345365e-25
2014-07-01,0,0001,50.1,12.34,-7.345365e-25
2014-08-01,0,0001,50.1,12.34,-7.345365e-25
2014-09-01,0,0001,50.1,12.34,-7.345365e-25
2014-10-01,0,0001,50.1,12.34,1.9073486e-06
2014-11-01,0,0001,50.1,12.34,1.9073486e-06
2014-12-01,0,0001,50.1,12.34,0.0025320053
2015-01-01,0,0001,50.1,12.34,0.013045311
2015-02-01,0,0001,50.1,12.34,0.021015167
2015-03-01,0,0001,50.1,12.34,0.0013771057
2015-04-01,0,0001,50.1,12.34,0.0024871826
2015-05-01,0,0001,50.1,12.34,2.861023e-06
2015-06-01,0,0001,50.1,12.34,-7.345365e-25
2015-07-01,0,0001,50.1,12.34,-7.345365e-25
2015-08-01,0,0001,50.1,12.34,-7.345365e-25
2015-09-01,0,0001,50.1,12.34,-7.345365e-25
2015-10-01,0,0001,50.1,12.34,0.00062942505
2015-11-01,0,0001,50.1,12.34,0.0015869141
2015-12-01,0,0001,50.1,12.34,6.67572e-05
2016-01-01,0,0001,50.1,12.34,0.012678146
2016-02-01,0,0001,50.1,12.34,0.0031404495
2016-03-01,0,0001,50.1,12.34,0.003706932
2016-04-01,0,0001,50.1,12.34,0.00043296814
2016-05-01,0,0001,50.1,12.34,8.583069e-06
2016-06-01,0,0001,50.1,12.34,-7.345365e-25
2016-07-01,0,0001,50.1,12.34,-7.345365e-25
2016-08-01,0,0001,50.1,12.34,-7.345365e-25
2016-09-01,0,0001,50.1,12.34,-7.345365e-25
2016-10-01,0,0001,50.1,12.34,9.536743e-07
2016-11-01,0,0001,50.1,12.34,0.001868248
2016-12-01,0,0001,50.1,12.34,0.0011138916
2017-01-01,0,0001,50.1,12.34,0.032766342
2017-02-01,0,0001,50.1,12.34,0.021996498
2017-03-01,0,0001,50.1,12.34,0.00047779083
2017-04-01,0,0001,50.1,12.34,0.00054740906
2017-05-01,0,0001,50.1,12.34,9.536743e-07
2017-06-01,0,0001,50.1,12.34,-7.345365e-25
2017-07-01,0,0001,50.1,12.34,-7.345365e-25
2017-08-01,0,0001,50.1,12.34,-7.345365e-25
2017-09-01,0,0001,50.1,12.34,-7.345365e-25
2017-10-01,0,0001,50.1,12.34,9.536743e-07
2017-11-01,0,0001,50.1,12.34,0.0031700134
2017-12-01,0,0001,50.1,12.34,0.016140938
2018-01-01,0,0001,50.1,12.34,0.009350777
2018-02-01,0,0001,50.1,12.34,0.0055971146
2018-03-01,0,0001,50.1,12.34,0.0026187897
2018-04-01,0,0001,50.1,12.34,1.335144e-05
2018-05-01,0,0001,50.1,12.34,-7.345365e-25
2018-06-01,0,0001,50.1,12.34,-7.345365e-25
2018-07-01,0,0001,50.1,12.34,-7.345365e-25
2018-08-01,0,0001,50.1,12.34,-7.345365e-25
2018-09-01,0,0001,50.1,12.34,-7.345365e-25
2018-10-01,0,0001,50.1,12.34,0.000166893
2018-11-01,0,0001,50.1,12.34,0.00053596497
2018-12-01,0,0001,50.1,12.34,0.0042057037
2019-01-01,0,0001,50.1,12.34,0.025776863
2019-02-01,0,0001,50.1,12.34,0.022045135
2019-03-01,0,0001,50.1,12.34,0.0014209747
2019-04-01,0,0001,50.1,12.34,2.4795532e-05
2019-05-01,0,0001,50.1,12.34,5.6266785e-05
2019-06-01,0,0001,50.1,12.34,-7.345365e-25
2019-07-01,0,0001,50.1,12.34,-7.345365e-25
2019-08-01,0,0001,50.1,12.34,-7.345365e-25
2019-09-01,0,0001,50.1,12.34,-7.345365e-25
2019-10-01,0,0001,50.1,12.34,-7.345365e-25
2019-11-01,0,0001,50.1,12.34,0.0001707077
2019-12-01,0,0001,50.1,12.34,0.0011644363
2020-01-01,0,0001,50.1,12.34,0.0010986328
2020-02-01,0,0001,50.1,12.34,0.004216194
2020-03-01,0,0001,50.1,12.34,0.0006990433
2020-04-01,0,0001,50.1,12.34,8.392334e-05
2020-05-01,0,0001,50.1,12.34,0.00011920929
2020-06-01,0,0001,50.1,12.34,-7.345365e-25
2020-07-01,0,0001,50.1,12.34,-7.345365e-25
2020-08-01,0,0001,50.1,12.34,-7.345365e-25
2020-09-01,0,0001,50.1,12.34,-7.345365e-25
2020-10-01,0,0001,50.1,12.34,-7.345365e-25
2020-11-01,0,0001,50.1,12.34,3.6239624e-05
2020-12-01,0,0001,50.1,12.34,0.0025634766
2021-01-01,0,0001,50.1,12.34,0.035500526
2021-02-01,0,0001,50.1,12.34,0.024159431
2021-03-01,0,0001,50.1,12.34,0.0018224716
2021-04-01,0,0001,50.1,12.34,0.0018587112
2021-05-01,0,0001,50.1,12.34,1.9073486e-06
2021-06-01,0,0001,50.1,12.34,-7.345365e-25
2021-07-01,0,0001,50.1,12.34,-7.345365e-25
2021-08-01,0,0001,50.1,12.34,-7.345365e-25
2021-09-01,0,0001,50.1,12.34,-7.345365e-25
2021-10-01,0,0001,50.1,12.34,-7.345365e-25
2021-11-01,0,0001,50.1,12.34,0.00064468384
2021-12-01,0,0001,50.1,12.34,0.010195732
2022-01-01,0,0001,50.1,12.34,0.012465477
2022-02-01,0,0001,50.1,12.34,0.008436203
2022-03-01,0,0001,50.1,12.34,0.00067424774
2022-04-01,0,0001,50.1,12.34,0.002380371
2022-05-01,0,0001,50.1,12.34,-7.345365e-25
2022-06-01,0,0001,50.1,12.34,-7.345365e-25
2022-07-01,0,0001,50.1,12.34,-7.345365e-25
2022-08-01,0,0001,50.1,12.34,-7.345365e-25
2022-09-01,0,0001,50.1,12.34,-7.345365e-25
2022-10-01,0,0001,50.1,12.34,-7.345365e-25
2022-11-01,0,0001,50.1,12.34,0.0014352798
2022-12-01,0,0001,50.1,12.34,0.006524086
2023-01-01,0,0001,50.1,12.34,0.005601883
2023-02-01,0,0001,50.1,12.34,0.008181572
2023-03-01,0,0001,50.1,12.34,0.002257347
2023-04-01,0,0001,50.1,12.34,0.0001001358
2023-05-01,0,0001,50.1,12.34,-7.345365e-25
2023-06-01,0,0001,50.1,12.34,-7.345365e-25
2023-07-01,0,0005,50.1,12.34,-7.345365e-25
2023-08-01,0,0005,50.1,12.34,-7.345365e-25
