time,realization,experimentVersionNumber,lat,lon,t2m
1950-01-02,0,0001,50.74,15.74,265.6482
1950-02-02,0,0001,50.74,15.74,270.8186
1950-03-02,0,0001,50.74,15.74,273.69165
1950-04-02,0,0001,50.74,15.74,277.50635
1950-05-02,0,0001,50.74,15.74,284.6997
1950-06-02,0,0001,50.74,15.74,287.87646
1950-07-02,0,0001,50.74,15.74,289.09766
1950-08-02,0,0001,50.74,15.74,288.80493
1950-09-02,0,0001,50.74,15.74,283.6963
1950-10-02,0,0001,50.74,15.74,277.7329
1950-11-02,0,0001,50.74,15.74,273.4204
1950-12-02,0,0001,50.74,15.74,269.1051
1951-01-02,0,0001,50.74,15.74,269.78784
1951-02-02,0,0001,50.74,15.74,270.9568
1951-03-02,0,0001,50.74,15.74,271.00708
1951-04-02,0,0001,50.74,15.74,276.77612
1951-05-02,0,0001,50.74,15.74,281.78638
1951-06-02,0,0001,50.74,15.74,286.2683
1951-07-02,0,0001,50.74,15.74,287.8064
1951-08-02,0,0001,50.74,15.74,289.06152
1951-09-02,0,0001,50.74,15.74,285.63306
1951-10-02,0,0001,50.74,15.74,278.16187
1951-11-02,0,0001,50.74,15.74,276.2102
1951-12-02,0,0001,50.74,15.74,271.12036
1952-01-02,0,0001,50.74,15.74,268.67236
1952-02-02,0,0001,50.74,15.74,268.89868
1952-03-02,0,0001,50.74,15.74,268.98535
1952-04-02,0,0001,50.74,15.74,279.1626
1952-05-02,0,0001,50.74,15.74,281.85938
1952-06-02,0,0001,50.74,15.74,285.41016
1952-07-02,0,0001,50.74,15.74,288.9973
1952-08-02,0,0001,50.74,15.74,289.6018
1952-09-02,0,0001,50.74,15.74,281.36255
1952-10-02,0,0001,50.74,15.74,276.6931
1952-11-02,0,0001,50.74,15.74,270.9879
1952-12-02,0,0001,50.74,15.74,267.31323
1953-01-02,0,0001,50.74,15.74,267.89856
1953-02-02,0,0001,50.74,15.74,268.7296
1953-03-02,0,0001,50.74,15.74,273.0149
1953-04-02,0,0001,50.74,15.74,279.03467
1953-05-02,0,0001,50.74,15.74,282.53394
1953-06-02,0,0001,50.74,15.74,287.4756
1953-07-02,0,0001,50.74,15.74,289.1455
1953-08-02,0,0001,50.74,15.74,286.93457
1953-09-02,0,0001,50.74,15.74,284.19556
1953-10-02,0,0001,50.74,15.74,281.23376
1953-11-02,0,0001,50.74,15.74,274.01978
1953-12-02,0,0001,50.74,15.74,271.43933
1954-01-02,0,0001,50.74,15.74,262.8977
1954-02-02,0,0001,50.74,15.74,262.96655
1954-03-02,0,0001,50.74,15.74,273.41113
1954-04-02,0,0001,50.74,15.74,274.3911
1954-05-02,0,0001,50.74,15.74,282.01685
1954-06-02,0,0001,50.74,15.74,287.07886
1954-07-02,0,0001,50.74,15.74,285.3999
1954-08-02,0,0001,50.74,15.74,287.04565
1954-09-02,0,0001,50.74,15.74,284.2749
1954-10-02,0,0001,50.74,15.74,278.73413
1954-11-02,0,0001,50.74,15.74,272.0044
1954-12-02,0,0001,50.74,15.74,271.74927
1955-01-02,0,0001,50.74,15.74,265.85693
1955-02-02,0,0001,50.74,15.74,266.3745
1955-03-02,0,0001,50.74,15.74,269.11365
1955-04-02,0,0001,50.74,15.74,274.38037
1955-05-02,0,0001,50.74,15.74,280.48975
1955-06-02,0,0001,50.74,15.74,284.9209
1955-07-02,0,0001,50.74,15.74,287.8291
1955-08-02,0,0001,50.74,15.74,287.39526
1955-09-02,0,0001,50.74,15.74,284.40613
1955-10-02,0,0001,50.74,15.74,278.43372
1955-11-02,0,0001,50.74,15.74,273.43274
1955-12-02,0,0001,50.74,15.74,270.34888
1956-01-02,0,0001,50.74,15.74,267.9995
1956-02-02,0,0001,50.74,15.74,258.979
1956-03-02,0,0001,50.74,15.74,270.68384
1956-04-02,0,0001,50.74,15.74,274.63403
1956-05-02,0,0001,50.74,15.74,282.30615
1956-06-02,0,0001,50.74,15.74,284.67896
1956-07-02,0,0001,50.74,15.74,287.45972
1956-08-02,0,0001,50.74,15.74,285.40356
1956-09-02,0,0001,50.74,15.74,284.3352
1956-10-02,0,0001,50.74,15.74,278.66138
1956-11-02,0,0001,50.74,15.74,269.94092
1956-12-02,0,0001,50.74,15.74,270.04565
1957-01-02,0,0001,50.74,15.74,268.07886
1957-02-02,0,0001,50.74,15.74,272.11865
1957-03-02,0,0001,50.74,15.74,274.42017
1957-04-02,0,0001,50.74,15.74,277.4126
1957-05-02,0,0001,50.74,15.74,279.86304
1957-06-02,0,0001,50.74,15.74,287.2622
1957-07-02,0,0001,50.74,15.74,288.49756
1957-08-02,0,0001,50.74,15.74,285.52808
1957-09-02,0,0001,50.74,15.74,281.68506
1957-10-02,0,0001,50.74,15.74,279.02563
1957-11-02,0,0001,50.74,15.74,275.06506
1957-12-02,0,0001,50.74,15.74,268.90186
1958-01-02,0,0001,50.74,15.74,267.3728
1958-02-02,0,0001,50.74,15.74,270.13745
1958-03-02,0,0001,50.74,15.74,267.93384
1958-04-02,0,0001,50.74,15.74,273.5586
1958-05-02,0,0001,50.74,15.74,284.16333
1958-06-02,0,0001,50.74,15.74,284.95312
1958-07-02,0,0001,50.74,15.74,288.1919
1958-08-02,0,0001,50.74,15.74,287.35596
1958-09-02,0,0001,50.74,15.74,284.2473
1958-10-02,0,0001,50.74,15.74,279.41235
1958-11-02,0,0001,50.74,15.74,275.15967
1958-12-02,0,0001,50.74,15.74,270.5044
1959-01-02,0,0001,50.74,15.74,268.12183
1959-02-02,0,0001,50.74,15.74,268.88647
1959-03-02,0,0001,50.74,15.74,275.22827
1959-04-02,0,0001,50.74,15.74,278.82568
1959-05-02,0,0001,50.74,15.74,282.79468
1959-06-02,0,0001,50.74,15.74,285.92212
1959-07-02,0,0001,50.74,15.74,289.14453
1959-08-02,0,0001,50.74,15.74,287.74902
1959-09-02,0,0001,50.74,15.74,282.76953
1959-10-02,0,0001,50.74,15.74,278.26404
1959-11-02,0,0001,50.74,15.74,273.62354
1959-12-02,0,0001,50.74,15.74,271.28894
1960-01-02,0,0001,50.74,15.74,267.03076
1960-02-02,0,0001,50.74,15.74,266.7705
1960-03-02,0,0001,50.74,15.74,272.60327
1960-04-02,0,0001,50.74,15.74,276.2671
1960-05-02,0,0001,50.74,15.74,282.32153
1960-06-02,0,0001,50.74,15.74,286.3584
1960-07-02,0,0001,50.74,15.74,286.02148
1960-08-02,0,0001,50.74,15.74,286.9226
1960-09-02,0,0001,50.74,15.74,282.97363
1960-10-02,0,0001,50.74,15.74,279.53516
1960-11-02,0,0001,50.74,15.74,275.0995
1960-12-02,0,0001,50.74,15.74,271.71094
1961-01-02,0,0001,50.74,15.74,266.4165
1961-02-02,0,0001,50.74,15.74,272.10938
1961-03-02,0,0001,50.74,15.74,275.3086
1961-04-02,0,0001,50.74,15.74,280.9956
1961-05-02,0,0001,50.74,15.74,280.79688
1961-06-02,0,0001,50.74,15.74,286.78296
1961-07-02,0,0001,50.74,15.74,285.6731
1961-08-02,0,0001,50.74,15.74,286.1311
1961-09-02,0,0001,50.74,15.74,286.31787
1961-10-02,0,0001,50.74,15.74,280.98608
1961-11-02,0,0001,50.74,15.74,273.91846
1961-12-02,0,0001,50.74,15.74,267.5061
1962-01-02,0,0001,50.74,15.74,268.9651
1962-02-02,0,0001,50.74,15.74,267.5869
1962-03-02,0,0001,50.74,15.74,268.4082
1962-04-02,0,0001,50.74,15.74,278.67114
1962-05-02,0,0001,50.74,15.74,279.92065
1962-06-02,0,0001,50.74,15.74,283.93994
1962-07-02,0,0001,50.74,15.74,285.11353
1962-08-02,0,0001,50.74,15.74,286.75244
1962-09-02,0,0001,50.74,15.74,282.57275
1962-10-02,0,0001,50.74,15.74,279.2445
1962-11-02,0,0001,50.74,15.74,273.33032
1962-12-02,0,0001,50.74,15.74,264.62915
1963-01-02,0,0001,50.74,15.74,260.85962
1963-02-02,0,0001,50.74,15.74,264.44336
1963-03-02,0,0001,50.74,15.74,270.60083
1963-04-02,0,0001,50.74,15.74,277.55933
1963-05-02,0,0001,50.74,15.74,282.61
1963-06-02,0,0001,50.74,15.74,286.40063
1963-07-02,0,0001,50.74,15.74,288.47607
1963-08-02,0,0001,50.74,15.74,287.15698
1963-09-02,0,0001,50.74,15.74,284.92285
1963-10-02,0,0001,50.74,15.74,278.79358
1963-11-02,0,0001,50.74,15.74,277.0896
1963-12-02,0,0001,50.74,15.74,265.9463
1964-01-02,0,0001,50.74,15.74,265.85327
1964-02-02,0,0001,50.74,15.74,267.49585
1964-03-02,0,0001,50.74,15.74,268.9751
1964-04-02,0,0001,50.74,15.74,278.11523
1964-05-02,0,0001,50.74,15.74,282.88086
1964-06-02,0,0001,50.74,15.74,288.23315
1964-07-02,0,0001,50.74,15.74,288.18042
1964-08-02,0,0001,50.74,15.74,285.79517
1964-09-02,0,0001,50.74,15.74,283.687
1964-10-02,0,0001,50.74,15.74,278.0902
1964-11-02,0,0001,50.74,15.74,274.38452
1964-12-02,0,0001,50.74,15.74,268.80322
1965-01-02,0,0001,50.74,15.74,269.4026
1965-02-02,0,0001,50.74,15.74,265.70117
1965-03-02,0,0001,50.74,15.74,270.51147
1965-04-02,0,0001,50.74,15.74,276.0376
1965-05-02,0,0001,50.74,15.74,280.64307
1965-06-02,0,0001,50.74,15.74,285.67236
1965-07-02,0,0001,50.74,15.74,286.0066
1965-08-02,0,0001,50.74,15.74,285.51733
1965-09-02,0,0001,50.74,15.74,284.14453
1965-10-02,0,0001,50.74,15.74,278.6422
1965-11-02,0,0001,50.74,15.74,269.9912
1965-12-02,0,0001,50.74,15.74,270.45215
1966-01-02,0,0001,50.74,15.74,264.46826
1966-02-02,0,0001,50.74,15.74,272.96326
1966-03-02,0,0001,50.74,15.74,271.87744
1966-04-02,0,0001,50.74,15.74,279.18677
1966-05-02,0,0001,50.74,15.74,282.96265
1966-06-02,0,0001,50.74,15.74,286.93652
1966-07-02,0,0001,50.74,15.74,287.03174
1966-08-02,0,0001,50.74,15.74,286.2434
1966-09-02,0,0001,50.74,15.74,283.3872
1966-10-02,0,0001,50.74,15.74,282.40234
1966-11-02,0,0001,50.74,15.74,272.60486
1966-12-02,0,0001,50.74,15.74,269.6731
1967-01-02,0,0001,50.74,15.74,267.61084
1967-02-02,0,0001,50.74,15.74,270.4629
1967-03-02,0,0001,50.74,15.74,273.76953
1967-04-02,0,0001,50.74,15.74,275.9143
1967-05-02,0,0001,50.74,15.74,282.96826
1967-06-02,0,0001,50.74,15.74,285.3728
1967-07-02,0,0001,50.74,15.74,289.1953
1967-08-02,0,0001,50.74,15.74,287.09155
1967-09-02,0,0001,50.74,15.74,284.9867
1967-10-02,0,0001,50.74,15.74,281.7306
1967-11-02,0,0001,50.74,15.74,274.20276
1967-12-02,0,0001,50.74,15.74,268.72852
1968-01-02,0,0001,50.74,15.74,266.51
1968-02-02,0,0001,50.74,15.74,270.03125
1968-03-02,0,0001,50.74,15.74,272.4729
1968-04-02,0,0001,50.74,15.74,277.8274
1968-05-02,0,0001,50.74,15.74,281.5254
1968-06-02,0,0001,50.74,15.74,286.7041
1968-07-02,0,0001,50.74,15.74,286.43677
1968-08-02,0,0001,50.74,15.74,286.58032
1968-09-02,0,0001,50.74,15.74,283.82104
1968-10-02,0,0001,50.74,15.74,279.5122
1968-11-02,0,0001,50.74,15.74,274.70068
1968-12-02,0,0001,50.74,15.74,267.6289
1969-01-02,0,0001,50.74,15.74,267.5056
1969-02-02,0,0001,50.74,15.74,267.401
1969-03-02,0,0001,50.74,15.74,268.9214
1969-04-02,0,0001,50.74,15.74,275.65552
1969-05-02,0,0001,50.74,15.74,284.14648
1969-06-02,0,0001,50.74,15.74,285.4436
1969-07-02,0,0001,50.74,15.74,288.323
1969-08-02,0,0001,50.74,15.74,286.3059
1969-09-02,0,0001,50.74,15.74,284.13477
1969-10-02,0,0001,50.74,15.74,280.60657
1969-11-02,0,0001,50.74,15.74,274.65735
1969-12-02,0,0001,50.74,15.74,263.9663
1970-01-02,0,0001,50.74,15.74,266.17676
1970-02-02,0,0001,50.74,15.74,267.042
1970-03-02,0,0001,50.74,15.74,270.4226
1970-04-02,0,0001,50.74,15.74,274.46094
1970-05-02,0,0001,50.74,15.74,280.60767
1970-06-02,0,0001,50.74,15.74,286.61133
1970-07-02,0,0001,50.74,15.74,286.7876
1970-08-02,0,0001,50.74,15.74,287.24048
1970-09-02,0,0001,50.74,15.74,282.79492
1970-10-02,0,0001,50.74,15.74,278.51672
1970-11-02,0,0001,50.74,15.74,275.20996
1970-12-02,0,0001,50.74,15.74,269.62927
1971-01-02,0,0001,50.74,15.74,268.01697
1971-02-02,0,0001,50.74,15.74,270.3921
1971-03-02,0,0001,50.74,15.74,269.68066
1971-04-02,0,0001,50.74,15.74,278.15186
1971-05-02,0,0001,50.74,15.74,284.28638
1971-06-02,0,0001,50.74,15.74,284.49072
1971-07-02,0,0001,50.74,15.74,287.81763
1971-08-02,0,0001,50.74,15.74,289.25146
1971-09-02,0,0001,50.74,15.74,281.74536
1971-10-02,0,0001,50.74,15.74,278.5464
1971-11-02,0,0001,50.74,15.74,272.8252
1971-12-02,0,0001,50.74,15.74,273.06226
1972-01-02,0,0001,50.74,15.74,266.31677
1972-02-02,0,0001,50.74,15.74,272.3756
1972-03-02,0,0001,50.74,15.74,275.2151
1972-04-02,0,0001,50.74,15.74,277.13696
1972-05-02,0,0001,50.74,15.74,282.0454
1972-06-02,0,0001,50.74,15.74,285.80444
1972-07-02,0,0001,50.74,15.74,288.57324
1972-08-02,0,0001,50.74,15.74,286.48462
1972-09-02,0,0001,50.74,15.74,281.19116
1972-10-02,0,0001,50.74,15.74,276.74805
1972-11-02,0,0001,50.74,15.74,273.92493
1972-12-02,0,0001,50.74,15.74,269.8789
1973-01-02,0,0001,50.74,15.74,269.2185
1973-02-02,0,0001,50.74,15.74,270.2207
1973-03-02,0,0001,50.74,15.74,272.8523
1973-04-02,0,0001,50.74,15.74,274.29663
1973-05-02,0,0001,50.74,15.74,282.31958
1973-06-02,0,0001,50.74,15.74,285.33643
1973-07-02,0,0001,50.74,15.74,287.16895
1973-08-02,0,0001,50.74,15.74,287.87427
1973-09-02,0,0001,50.74,15.74,284.84082
1973-10-02,0,0001,50.74,15.74,277.06946
1973-11-02,0,0001,50.74,15.74,271.37036
1973-12-02,0,0001,50.74,15.74,268.9104
1974-01-02,0,0001,50.74,15.74,271.60327
1974-02-02,0,0001,50.74,15.74,272.24268
1974-03-02,0,0001,50.74,15.74,275.04907
1974-04-02,0,0001,50.74,15.74,277.19824
1974-05-02,0,0001,50.74,15.74,281.0996
1974-06-02,0,0001,50.74,15.74,283.87817
1974-07-02,0,0001,50.74,15.74,285.35083
1974-08-02,0,0001,50.74,15.74,288.0896
1974-09-02,0,0001,50.74,15.74,283.5769
1974-10-02,0,0001,50.74,15.74,274.70386
1974-11-02,0,0001,50.74,15.74,273.01904
1974-12-02,0,0001,50.74,15.74,272.39917
1975-01-02,0,0001,50.74,15.74,272.34595
1975-02-02,0,0001,50.74,15.74,269.05518
1975-03-02,0,0001,50.74,15.74,273.33472
1975-04-02,0,0001,50.74,15.74,276.16357
1975-05-02,0,0001,50.74,15.74,282.7605
1975-06-02,0,0001,50.74,15.74,285.0525
1975-07-02,0,0001,50.74,15.74,287.84082
1975-08-02,0,0001,50.74,15.74,288.14893
1975-09-02,0,0001,50.74,15.74,286.56738
1975-10-02,0,0001,50.74,15.74,278.70532
1975-11-02,0,0001,50.74,15.74,272.14453
1975-12-02,0,0001,50.74,15.74,270.24292
1976-01-02,0,0001,50.74,15.74,268.61768
1976-02-02,0,0001,50.74,15.74,269.7528
1976-03-02,0,0001,50.74,15.74,269.18042
1976-04-02,0,0001,50.74,15.74,275.33862
1976-05-02,0,0001,50.74,15.74,282.17993
1976-06-02,0,0001,50.74,15.74,285.92676
1976-07-02,0,0001,50.74,15.74,288.64575
1976-08-02,0,0001,50.74,15.74,285.34692
1976-09-02,0,0001,50.74,15.74,282.6543
1976-10-02,0,0001,50.74,15.74,280.5558
1976-11-02,0,0001,50.74,15.74,274.7959
1976-12-02,0,0001,50.74,15.74,267.89307
1977-01-02,0,0001,50.74,15.74,269.0133
1977-02-02,0,0001,50.74,15.74,270.9768
1977-03-02,0,0001,50.74,15.74,275.64868
1977-04-02,0,0001,50.74,15.74,275.0266
1977-05-02,0,0001,50.74,15.74,282.14966
1977-06-02,0,0001,50.74,15.74,286.3286
1977-07-02,0,0001,50.74,15.74,286.15942
1977-08-02,0,0001,50.74,15.74,286.3352
1977-09-02,0,0001,50.74,15.74,281.44727
1977-10-02,0,0001,50.74,15.74,280.63464
1977-11-02,0,0001,50.74,15.74,274.04346
1977-12-02,0,0001,50.74,15.74,269.9685
1978-01-02,0,0001,50.74,15.74,269.61328
1978-02-02,0,0001,50.74,15.74,267.5923
1978-03-02,0,0001,50.74,15.74,272.9358
1978-04-02,0,0001,50.74,15.74,275.771
1978-05-02,0,0001,50.74,15.74,281.39014
1978-06-02,0,0001,50.74,15.74,284.6316
1978-07-02,0,0001,50.74,15.74,285.44482
1978-08-02,0,0001,50.74,15.74,285.16846
1978-09-02,0,0001,50.74,15.74,281.771
1978-10-02,0,0001,50.74,15.74,279.5913
1978-11-02,0,0001,50.74,15.74,274.01086
1978-12-02,0,0001,50.74,15.74,269.38843
1979-01-02,0,0001,50.74,15.74,264.68884
1979-02-02,0,0001,50.74,15.74,268.29175
1979-03-02,0,0001,50.74,15.74,272.8125
1979-04-02,0,0001,50.74,15.74,275.6421
1979-05-02,0,0001,50.74,15.74,283.1609
1979-06-02,0,0001,50.74,15.74,288.02808
1979-07-02,0,0001,50.74,15.74,284.78857
1979-08-02,0,0001,50.74,15.74,286.3938
1979-09-02,0,0001,50.74,15.74,283.51514
1979-10-02,0,0001,50.74,15.74,277.76782
1979-11-02,0,0001,50.74,15.74,273.1842
1979-12-02,0,0001,50.74,15.74,272.95825
1980-01-02,0,0001,50.74,15.74,265.0664
1980-02-02,0,0001,50.74,15.74,271.0005
1980-03-02,0,0001,50.74,15.74,271.25757
1980-04-02,0,0001,50.74,15.74,274.62036
1980-05-02,0,0001,50.74,15.74,279.25537
1980-06-02,0,0001,50.74,15.74,284.75195
1980-07-02,0,0001,50.74,15.74,285.39673
1980-08-02,0,0001,50.74,15.74,286.3777
1980-09-02,0,0001,50.74,15.74,283.5432
1980-10-02,0,0001,50.74,15.74,278.06665
1980-11-02,0,0001,50.74,15.74,271.92566
1980-12-02,0,0001,50.74,15.74,269.8579
1981-01-02,0,0001,50.74,15.74,266.75635
1981-02-02,0,0001,50.74,15.74,268.9546
1981-03-02,0,0001,50.74,15.74,276.09058
1981-04-02,0,0001,50.74,15.74,276.84595
1981-05-02,0,0001,50.74,15.74,283.49072
1981-06-02,0,0001,50.74,15.74,286.41406
1981-07-02,0,0001,50.74,15.74,286.5923
1981-08-02,0,0001,50.74,15.74,286.58618
1981-09-02,0,0001,50.74,15.74,284.35083
1981-10-02,0,0001,50.74,15.74,278.4812
1981-11-02,0,0001,50.74,15.74,273.1975
1981-12-02,0,0001,50.74,15.74,266.80725
1982-01-02,0,0001,50.74,15.74,266.44055
1982-02-02,0,0001,50.74,15.74,268.5869
1982-03-02,0,0001,50.74,15.74,273.55615
1982-04-02,0,0001,50.74,15.74,274.83228
1982-05-02,0,0001,50.74,15.74,283.01025
1982-06-02,0,0001,50.74,15.74,286.50684
1982-07-02,0,0001,50.74,15.74,288.56274
1982-08-02,0,0001,50.74,15.74,288.0681
1982-09-02,0,0001,50.74,15.74,286.84253
1982-10-02,0,0001,50.74,15.74,280.3435
1982-11-02,0,0001,50.74,15.74,275.2096
1982-12-02,0,0001,50.74,15.74,271.27942
1983-01-02,0,0001,50.74,15.74,272.2583
1983-02-02,0,0001,50.74,15.74,267.10132
1983-03-02,0,0001,50.74,15.74,273.60425
1983-04-02,0,0001,50.74,15.74,279.40527
1983-05-02,0,0001,50.74,15.74,283.50903
1983-06-02,0,0001,50.74,15.74,286.15967
1983-07-02,0,0001,50.74,15.74,290.03052
1983-08-02,0,0001,50.74,15.74,288.26392
1983-09-02,0,0001,50.74,15.74,284.1814
1983-10-02,0,0001,50.74,15.74,279.19653
1983-11-02,0,0001,50.74,15.74,273.1587
1983-12-02,0,0001,50.74,15.74,269.29297
1984-01-02,0,0001,50.74,15.74,269.06055
1984-02-02,0,0001,50.74,15.74,268.6267
1984-03-02,0,0001,50.74,15.74,270.8755
1984-04-02,0,0001,50.74,15.74,276.61694
1984-05-02,0,0001,50.74,15.74,281.9214
1984-06-02,0,0001,50.74,15.74,283.87646
1984-07-02,0,0001,50.74,15.74,285.3938
1984-08-02,0,0001,50.74,15.74,287.3916
1984-09-02,0,0001,50.74,15.74,282.53516
1984-10-02,0,0001,50.74,15.74,280.66443
1984-11-02,0,0001,50.74,15.74,274.9713
1984-12-02,0,0001,50.74,15.74,270.0005
1985-01-02,0,0001,50.74,15.74,263.4088
1985-02-02,0,0001,50.74,15.74,264.73926
1985-03-02,0,0001,50.74,15.74,272.69373
1985-04-02,0,0001,50.74,15.74,276.9795
1985-05-02,0,0001,50.74,15.74,283.78784
1985-06-02,0,0001,50.74,15.74,283.36353
1985-07-02,0,0001,50.74,15.74,287.48926
1985-08-02,0,0001,50.74,15.74,287.24487
1985-09-02,0,0001,50.74,15.74,283.4519
1985-10-02,0,0001,50.74,15.74,279.31555
1985-11-02,0,0001,50.74,15.74,270.47217
1985-12-02,0,0001,50.74,15.74,272.52637
1986-01-02,0,0001,50.74,15.74,268.1814
1986-02-02,0,0001,50.74,15.74,262.59973
1986-03-02,0,0001,50.74,15.74,272.87488
1986-04-02,0,0001,50.74,15.74,278.2461
1986-05-02,0,0001,50.74,15.74,285.01
1986-06-02,0,0001,50.74,15.74,285.46216
1986-07-02,0,0001,50.74,15.74,287.08276
1986-08-02,0,0001,50.74,15.74,287.00024
1986-09-02,0,0001,50.74,15.74,281.8557
1986-10-02,0,0001,50.74,15.74,279.63513
1986-11-02,0,0001,50.74,15.74,275.17065
1986-12-02,0,0001,50.74,15.74,270.4165
1987-01-02,0,0001,50.74,15.74,261.7754
1987-02-02,0,0001,50.74,15.74,269.29578
1987-03-02,0,0001,50.74,15.74,267.74072
1987-04-02,0,0001,50.74,15.74,277.49414
1987-05-02,0,0001,50.74,15.74,280.76123
1987-06-02,0,0001,50.74,15.74,284.92358
1987-07-02,0,0001,50.74,15.74,287.4646
1987-08-02,0,0001,50.74,15.74,285.24902
1987-09-02,0,0001,50.74,15.74,284.87744
1987-10-02,0,0001,50.74,15.74,280.07886
1987-11-02,0,0001,50.74,15.74,274.69092
1987-12-02,0,0001,50.74,15.74,271.3098
1988-01-02,0,0001,50.74,15.74,272.22388
1988-02-02,0,0001,50.74,15.74,270.5144
1988-03-02,0,0001,50.74,15.74,270.79712
1988-04-02,0,0001,50.74,15.74,276.95923
1988-05-02,0,0001,50.74,15.74,283.96948
1988-06-02,0,0001,50.74,15.74,285.51367
1988-07-02,0,0001,50.74,15.74,288.02563
1988-08-02,0,0001,50.74,15.74,287.47314
1988-09-02,0,0001,50.74,15.74,283.62622
1988-10-02,0,0001,50.74,15.74,279.92285
1988-11-02,0,0001,50.74,15.74,270.38818
1988-12-02,0,0001,50.74,15.74,271.1433
1989-01-02,0,0001,50.74,15.74,271.3379
1989-02-02,0,0001,50.74,15.74,273.08252
1989-03-02,0,0001,50.74,15.74,276.06006
1989-04-02,0,0001,50.74,15.74,278.63354
1989-05-02,0,0001,50.74,15.74,283.31128
1989-06-02,0,0001,50.74,15.74,285.02612
1989-07-02,0,0001,50.74,15.74,287.51562
1989-08-02,0,0001,50.74,15.74,287.2898
1989-09-02,0,0001,50.74,15.74,284.88623
1989-10-02,0,0001,50.74,15.74,280.3037
1989-11-02,0,0001,50.74,15.74,272.31067
1989-12-02,0,0001,50.74,15.74,271.56055
1990-01-02,0,0001,50.74,15.74,271.5619
1990-02-02,0,0001,50.74,15.74,274.0979
1990-03-02,0,0001,50.74,15.74,276.3252
1990-04-02,0,0001,50.74,15.74,277.27588
1990-05-02,0,0001,50.74,15.74,283.80396
1990-06-02,0,0001,50.74,15.74,285.62695
1990-07-02,0,0001,50.74,15.74,286.64917
1990-08-02,0,0001,50.74,15.74,288.30176
1990-09-02,0,0001,50.74,15.74,281.49902
1990-10-02,0,0001,50.74,15.74,280.01245
1990-11-02,0,0001,50.74,15.74,274.30518
1990-12-02,0,0001,50.74,15.74,269.40552
1991-01-02,0,0001,50.74,15.74,270.94702
1991-02-02,0,0001,50.74,15.74,265.85535
1991-03-02,0,0001,50.74,15.74,275.89087
1991-04-02,0,0001,50.74,15.74,276.55444
1991-05-02,0,0001,50.74,15.74,279.0586
1991-06-02,0,0001,50.74,15.74,284.26123
1991-07-02,0,0001,50.74,15.74,288.97314
1991-08-02,0,0001,50.74,15.74,287.61035
1991-09-02,0,0001,50.74,15.74,284.86182
1991-10-02,0,0001,50.74,15.74,278.1931
1991-11-02,0,0001,50.74,15.74,273.24377
1991-12-02,0,0001,50.74,15.74,268.69214
1992-01-02,0,0001,50.74,15.74,270.19104
1992-02-02,0,0001,50.74,15.74,271.7561
1992-03-02,0,0001,50.74,15.74,273.1682
1992-04-02,0,0001,50.74,15.74,276.98877
1992-05-02,0,0001,50.74,15.74,283.3208
1992-06-02,0,0001,50.74,15.74,287.53027
1992-07-02,0,0001,50.74,15.74,288.98315
1992-08-02,0,0001,50.74,15.74,290.81885
1992-09-02,0,0001,50.74,15.74,283.85767
1992-10-02,0,0001,50.74,15.74,276.69116
1992-11-02,0,0001,50.74,15.74,273.45142
1992-12-02,0,0001,50.74,15.74,269.37085
1993-01-02,0,0001,50.74,15.74,269.99414
1993-02-02,0,0001,50.74,15.74,268.641
1993-03-02,0,0001,50.74,15.74,271.22974
1993-04-02,0,0001,50.74,15.74,278.73828
1993-05-02,0,0001,50.74,15.74,285.5559
1993-06-02,0,0001,50.74,15.74,285.5298
1993-07-02,0,0001,50.74,15.74,286.03735
1993-08-02,0,0001,50.74,15.74,286.45142
1993-09-02,0,0001,50.74,15.74,282.77734
1993-10-02,0,0001,50.74,15.74,278.73242
1993-11-02,0,0001,50.74,15.74,270.2848
1993-12-02,0,0001,50.74,15.74,271.48853
1994-01-02,0,0001,50.74,15.74,271.66016
1994-02-02,0,0001,50.74,15.74,268.6765
1994-03-02,0,0001,50.74,15.74,274.3435
1994-04-02,0,0001,50.74,15.74,277.44214
1994-05-02,0,0001,50.74,15.74,282.41675
1994-06-02,0,0001,50.74,15.74,285.9734
1994-07-02,0,0001,50.74,15.74,291.5171
1994-08-02,0,0001,50.74,15.74,288.24585
1994-09-02,0,0001,50.74,15.74,284.58154
1994-10-02,0,0001,50.74,15.74,277.5652
1994-11-02,0,0001,50.74,15.74,275.85815
1994-12-02,0,0001,50.74,15.74,271.6902
1995-01-02,0,0001,50.74,15.74,267.9956
1995-02-02,0,0001,50.74,15.74,272.85205
1995-03-02,0,0001,50.74,15.74,271.61597
1995-04-02,0,0001,50.74,15.74,277.27856
1995-05-02,0,0001,50.74,15.74,282.17847
1995-06-02,0,0001,50.74,15.74,285.09546
1995-07-02,0,0001,50.74,15.74,290.26294
1995-08-02,0,0001,50.74,15.74,288.1411
1995-09-02,0,0001,50.74,15.74,282.90576
1995-10-02,0,0001,50.74,15.74,281.7594
1995-11-02,0,0001,50.74,15.74,270.7605
1995-12-02,0,0001,50.74,15.74,267.2517
1996-01-02,0,0001,50.74,15.74,265.79065
1996-02-02,0,0001,50.74,15.74,265.6189
1996-03-02,0,0001,50.74,15.74,269.16968
1996-04-02,0,0001,50.74,15.74,276.61914
1996-05-02,0,0001,50.74,15.74,282.67334
1996-06-02,0,0001,50.74,15.74,286.021
1996-07-02,0,0001,50.74,15.74,285.6831
1996-08-02,0,0001,50.74,15.74,287.14355
1996-09-02,0,0001,50.74,15.74,280.22168
1996-10-02,0,0001,50.74,15.74,279.95483
1996-11-02,0,0001,50.74,15.74,275.09216
1996-12-02,0,0001,50.74,15.74,264.9911
1997-01-02,0,0001,50.74,15.74,266.66235
1997-02-02,0,0001,50.74,15.74,271.07764
1997-03-02,0,0001,50.74,15.74,273.44287
1997-04-02,0,0001,50.74,15.74,273.99634
1997-05-02,0,0001,50.74,15.74,283.08374
1997-06-02,0,0001,50.74,15.74,286.11914
1997-07-02,0,0001,50.74,15.74,286.87476
1997-08-02,0,0001,50.74,15.74,288.896
1997-09-02,0,0001,50.74,15.74,284.10547
1997-10-02,0,0001,50.74,15.74,276.44336
1997-11-02,0,0001,50.74,15.74,273.61377
1997-12-02,0,0001,50.74,15.74,271.2965
1998-01-02,0,0001,50.74,15.74,270.063
1998-02-02,0,0001,50.74,15.74,273.30176
1998-03-02,0,0001,50.74,15.74,271.6504
1998-04-02,0,0001,50.74,15.74,279.31274
1998-05-02,0,0001,50.74,15.74,283.45996
1998-06-02,0,0001,50.74,15.74,286.8225
1998-07-02,0,0001,50.74,15.74,286.83398
1998-08-02,0,0001,50.74,15.74,286.90356
1998-09-02,0,0001,50.74,15.74,283.31116
1998-10-02,0,0001,50.74,15.74,278.43054
1998-11-02,0,0001,50.74,15.74,270.47046
1998-12-02,0,0001,50.74,15.74,268.614
1999-01-02,0,0001,50.74,15.74,270.11084
1999-02-02,0,0001,50.74,15.74,268.47095
1999-03-02,0,0001,50.74,15.74,273.7627
1999-04-02,0,0001,50.74,15.74,278.5774
1999-05-02,0,0001,50.74,15.74,283.34082
1999-06-02,0,0001,50.74,15.74,285.48694
1999-07-02,0,0001,50.74,15.74,288.81665
1999-08-02,0,0001,50.74,15.74,287.146
1999-09-02,0,0001,50.74,15.74,286.75293
1999-10-02,0,0001,50.74,15.74,278.82837
1999-11-02,0,0001,50.74,15.74,272.68103
1999-12-02,0,0001,50.74,15.74,269.60425
2000-01-02,0,0001,50.74,15.74,268.375
2000-02-02,0,0001,50.74,15.74,271.91992
2000-03-02,0,0001,50.74,15.74,273.06055
2000-04-02,0,0001,50.74,15.74,280.41162
2000-05-02,0,0001,50.74,15.74,285.17725
2000-06-02,0,0001,50.74,15.74,287.1565
2000-07-02,0,0001,50.74,15.74,285.43945
2000-08-02,0,0001,50.74,15.74,288.2837
2000-09-02,0,0001,50.74,15.74,283.36328
2000-10-02,0,0001,50.74,15.74,282.14136
2000-11-02,0,0001,50.74,15.74,276.45032
2000-12-02,0,0001,50.74,15.74,271.0022
2001-01-02,0,0001,50.74,15.74,269.31592
2001-02-02,0,0001,50.74,15.74,269.8921
2001-03-02,0,0001,50.74,15.74,272.27466
2001-04-02,0,0001,50.74,15.74,276.54517
2001-05-02,0,0001,50.74,15.74,284.04492
2001-06-02,0,0001,50.74,15.74,284.13892
2001-07-02,0,0001,50.74,15.74,288.41992
2001-08-02,0,0001,50.74,15.74,288.88916
2001-09-02,0,0001,50.74,15.74,281.7107
2001-10-02,0,0001,50.74,15.74,282.7699
2001-11-02,0,0001,50.74,15.74,272.36475
2001-12-02,0,0001,50.74,15.74,266.8296
2002-01-02,0,0001,50.74,15.74,269.20312
2002-02-02,0,0001,50.74,15.74,272.86157
2002-03-02,0,0001,50.74,15.74,273.60132
2002-04-02,0,0001,50.74,15.74,277.2815
2002-05-02,0,0001,50.74,15.74,285.7588
2002-06-02,0,0001,50.74,15.74,287.3474
2002-07-02,0,0001,50.74,15.74,288.89624
2002-08-02,0,0001,50.74,15.74,289.6709
2002-09-02,0,0001,50.74,15.74,283.00244
2002-10-02,0,0001,50.74,15.74,277.44263
2002-11-02,0,0001,50.74,15.74,274.96875
2002-12-02,0,0001,50.74,15.74,267.77173
2003-01-02,0,0001,50.74,15.74,267.76025
2003-02-02,0,0001,50.74,15.74,265.95386
2003-03-02,0,0001,50.74,15.74,273.23486
2003-04-02,0,0001,50.74,15.74,276.60938
2003-05-02,0,0001,50.74,15.74,285.0918
2003-06-02,0,0001,50.74,15.74,288.89258
2003-07-02,0,0001,50.74,15.74,288.6809
2003-08-02,0,0001,50.74,15.74,290.2224
2003-09-02,0,0001,50.74,15.74,284.54492
2003-10-02,0,0001,50.74,15.74,275.72705
2003-11-02,0,0001,50.74,15.74,276.0968
2003-12-02,0,0001,50.74,15.74,270.33057
2004-01-02,0,0001,50.74,15.74,266.03027
2004-02-02,0,0001,50.74,15.74,270.24927
2004-03-02,0,0001,50.74,15.74,272.44263
2004-04-02,0,0001,50.74,15.74,278.43457
2004-05-02,0,0001,50.74,15.74,281.52954
2004-06-02,0,0001,50.74,15.74,285.32837
2004-07-02,0,0001,50.74,15.74,287.2268
2004-08-02,0,0001,50.74,15.74,288.56787
2004-09-02,0,0001,50.74,15.74,283.75122
2004-10-02,0,0001,50.74,15.74,280.2212
2004-11-02,0,0001,50.74,15.74,273.74988
2004-12-02,0,0001,50.74,15.74,270.16833
2005-01-02,0,0001,50.74,15.74,269.833
2005-02-02,0,0001,50.74,15.74,266.91284
2005-03-02,0,0001,50.74,15.74,270.79004
2005-04-02,0,0001,50.74,15.74,278.6543
2005-05-02,0,0001,50.74,15.74,283.23877
2005-06-02,0,0001,50.74,15.74,285.79175
2005-07-02,0,0001,50.74,15.74,288.30127
2005-08-02,0,0001,50.74,15.74,286.62622
2005-09-02,0,0001,50.74,15.74,285.2954
2005-10-02,0,0001,50.74,15.74,280.865
2005-11-02,0,0001,50.74,15.74,272.67188
2005-12-02,0,0001,50.74,15.74,269.39355
2006-01-02,0,0001,50.74,15.74,265.15332
2006-02-02,0,0001,50.74,15.74,267.6914
2006-03-02,0,0001,50.74,15.74,270.27295
2006-04-02,0,0001,50.74,15.74,277.29834
2006-05-02,0,0001,50.74,15.74,282.78857
2006-06-02,0,0001,50.74,15.74,287.35864
2006-07-02,0,0001,50.74,15.74,292.13428
2006-08-02,0,0001,50.74,15.74,285.87378
2006-09-02,0,0001,50.74,15.74,286.65015
2006-10-02,0,0001,50.74,15.74,281.4724
2006-11-02,0,0001,50.74,15.74,276.2351
2006-12-02,0,0001,50.74,15.74,273.469
2007-01-02,0,0001,50.74,15.74,273.1399
2007-02-02,0,0001,50.74,15.74,272.35034
2007-03-02,0,0001,50.74,15.74,275.0249
2007-04-02,0,0001,50.74,15.74,280.5354
2007-05-02,0,0001,50.74,15.74,284.85864
2007-06-02,0,0001,50.74,15.74,288.1477
2007-07-02,0,0001,50.74,15.74,288.0796
2007-08-02,0,0001,50.74,15.74,288.02295
2007-09-02,0,0001,50.74,15.74,282.31323
2007-10-02,0,0001,50.74,15.74,278.45337
2007-11-02,0,0001,50.74,15.74,271.86816
2007-12-02,0,0001,50.74,15.74,269.667
2008-01-02,0,0001,50.74,15.74,271.63672
2008-02-02,0,0001,50.74,15.74,272.74
2008-03-02,0,0001,50.74,15.74,272.71387
2008-04-02,0,0001,50.74,15.74,277.6355
2008-05-02,0,0001,50.74,15.74,283.6892
2008-06-02,0,0001,50.74,15.74,287.42407
2008-07-02,0,0001,50.74,15.74,288.08862
2008-08-02,0,0001,50.74,15.74,287.761
2008-09-02,0,0001,50.74,15.74,282.68384
2008-10-02,0,0001,50.74,15.74,279.2976
2008-11-02,0,0001,50.74,15.74,275.50806
2008-12-02,0,0001,50.74,15.74,270.77393
2009-01-02,0,0001,50.74,15.74,266.7649
2009-02-02,0,0001,50.74,15.74,269.5078
2009-03-02,0,0001,50.74,15.74,272.91724
2009-04-02,0,0001,50.74,15.74,281.57373
2009-05-02,0,0001,50.74,15.74,283.45215
2009-06-02,0,0001,50.74,15.74,284.96362
2009-07-02,0,0001,50.74,15.74,288.44092
2009-08-02,0,0001,50.74,15.74,288.72412
2009-09-02,0,0001,50.74,15.74,285.6372
2009-10-02,0,0001,50.74,15.74,277.3418
2009-11-02,0,0001,50.74,15.74,276.09448
2009-12-02,0,0001,50.74,15.74,269.20715
2010-01-02,0,0001,50.74,15.74,264.79333
2010-02-02,0,0001,50.74,15.74,268.50952
2010-03-02,0,0001,50.74,15.74,271.81958
2010-04-02,0,0001,50.74,15.74,277.98682
2010-05-02,0,0001,50.74,15.74,281.80908
2010-06-02,0,0001,50.74,15.74,286.537
2010-07-02,0,0001,50.74,15.74,290.3098
2010-08-02,0,0001,50.74,15.74,287.7395
2010-09-02,0,0001,50.74,15.74,282.2859
2010-10-02,0,0001,50.74,15.74,277.29443
2010-11-02,0,0001,50.74,15.74,275.20398
2010-12-02,0,0001,50.74,15.74,264.99146
2011-01-02,0,0001,50.74,15.74,269.29932
2011-02-02,0,0001,50.74,15.74,268.08032
2011-03-02,0,0001,50.74,15.74,273.5658
2011-04-02,0,0001,50.74,15.74,280.69458
2011-05-02,0,0001,50.74,15.74,283.6006
2011-06-02,0,0001,50.74,15.74,287.40723
2011-07-02,0,0001,50.74,15.74,287.02002
2011-08-02,0,0001,50.74,15.74,288.60522
2011-09-02,0,0001,50.74,15.74,286.07104
2011-10-02,0,0001,50.74,15.74,279.4829
2011-11-02,0,0001,50.74,15.74,274.83008
2011-12-02,0,0001,50.74,15.74,271.52173
2012-01-02,0,0001,50.74,15.74,269.6333
2012-02-02,0,0001,50.74,15.74,264.90283
2012-03-02,0,0001,50.74,15.74,274.60156
2012-04-02,0,0001,50.74,15.74,278.08862
2012-05-02,0,0001,50.74,15.74,284.82568
2012-06-02,0,0001,50.74,15.74,286.71484
2012-07-02,0,0001,50.74,15.74,288.97778
2012-08-02,0,0001,50.74,15.74,288.7727
2012-09-02,0,0001,50.74,15.74,284.53784
2012-10-02,0,0001,50.74,15.74,278.74744
2012-11-02,0,0001,50.74,15.74,275.6643
2012-12-02,0,0001,50.74,15.74,268.4756
2013-01-02,0,0001,50.74,15.74,267.68604
2013-02-02,0,0001,50.74,15.74,268.83716
2013-03-02,0,0001,50.74,15.74,268.81177
2013-04-02,0,0001,50.74,15.74,277.32495
2013-05-02,0,0001,50.74,15.74,282.67798
2013-06-02,0,0001,50.74,15.74,286.50757
2013-07-02,0,0001,50.74,15.74,289.49146
2013-08-02,0,0001,50.74,15.74,288.4309
2013-09-02,0,0001,50.74,15.74,282.61523
2013-10-02,0,0001,50.74,15.74,280.71045
2013-11-02,0,0001,50.74,15.74,274.93506
2013-12-02,0,0001,50.74,15.74,272.0144
2014-01-02,0,0001,50.74,15.74,270.5984
2014-02-02,0,0001,50.74,15.74,272.79297
2014-03-02,0,0001,50.74,15.74,276.85742
2014-04-02,0,0001,50.74,15.74,280.323
2014-05-02,0,0001,50.74,15.74,282.62158
2014-06-02,0,0001,50.74,15.74,286.16992
2014-07-02,0,0001,50.74,15.74,289.9126
2014-08-02,0,0001,50.74,15.74,286.82764
2014-09-02,0,0001,50.74,15.74,285.37842
2014-10-02,0,0001,50.74,15.74,281.5061
2014-11-02,0,0001,50.74,15.74,277.578
2014-12-02,0,0001,50.74,15.74,272.08997
2015-01-02,0,0001,50.74,15.74,270.9214
2015-02-02,0,0001,50.74,15.74,270.021
2015-03-02,0,0001,50.74,15.74,274.03076
2015-04-02,0,0001,50.74,15.74,277.40796
2015-05-02,0,0001,50.74,15.74,282.6001
2015-06-02,0,0001,50.74,15.74,286.0769
2015-07-02,0,0001,50.74,15.74,289.9131
2015-08-02,0,0001,50.74,15.74,291.9104
2015-09-02,0,0001,50.74,15.74,284.09424
2015-10-02,0,0001,50.74,15.74,279.31567
2015-11-02,0,0001,50.74,15.74,276.7583
2015-12-02,0,0001,50.74,15.74,274.74512
2016-01-02,0,0001,50.74,15.74,268.56274
2016-02-02,0,0001,50.74,15.74,272.39697
2016-03-02,0,0001,50.74,15.74,273.10718
2016-04-02,0,0001,50.74,15.74,278.02637
2016-05-02,0,0001,50.74,15.74,283.98584
2016-06-02,0,0001,50.74,15.74,287.76
2016-07-02,0,0001,50.74,15.74,288.76074
2016-08-02,0,0001,50.74,15.74,287.5935
2016-09-02,0,0001,50.74,15.74,287.2351
2016-10-02,0,0001,50.74,15.74,278.47827
2016-11-02,0,0001,50.74,15.74,273.3589
2016-12-02,0,0001,50.74,15.74,270.27197
2017-01-02,0,0001,50.74,15.74,265.27173
2017-02-02,0,0001,50.74,15.74,271.42163
2017-03-02,0,0001,50.74,15.74,275.40527
2017-04-02,0,0001,50.74,15.74,276.8733
2017-05-02,0,0001,50.74,15.74,283.84326
2017-06-02,0,0001,50.74,15.74,288.19604
2017-07-02,0,0001,50.74,15.74,288.46313
2017-08-02,0,0001,50.74,15.74,289.2068
2017-09-02,0,0001,50.74,15.74,282.85718
2017-10-02,0,0001,50.74,15.74,280.5923
2017-11-02,0,0001,50.74,15.74,274.08228
2017-12-02,0,0001,50.74,15.74,270.87305
2018-01-02,0,0001,50.74,15.74,271.48193
2018-02-02,0,0001,50.74,15.74,266.5337
2018-03-02,0,0001,50.74,15.74,270.02905
2018-04-02,0,0001,50.74,15.74,282.72314
2018-05-02,0,0001,50.74,15.74,286.43506
2018-06-02,0,0001,50.74,15.74,287.7234
2018-07-02,0,0001,50.74,15.74,289.57983
2018-08-02,0,0001,50.74,15.74,291.0647
2018-09-02,0,0001,50.74,15.74,285.71704
2018-10-02,0,0001,50.74,15.74,281.32544
2018-11-02,0,0001,50.74,15.74,275.8291
2018-12-02,0,0001,50.74,15.74,271.68604
2019-01-02,0,0001,50.74,15.74,268.43042
2019-02-02,0,0001,50.74,15.74,272.4961
2019-03-02,0,0001,50.74,15.74,275.00073
2019-04-02,0,0001,50.74,15.74,279.6521
2019-05-02,0,0001,50.74,15.74,281.29468
2019-06-02,0,0001,50.74,15.74,291.1355
2019-07-02,0,0001,50.74,15.74,288.85913
2019-08-02,0,0001,50.74,15.74,289.6604
2019-09-02,0,0001,50.74,15.74,284.3474
2019-10-02,0,0001,50.74,15.74,281.0337
2019-11-02,0,0001,50.74,15.74,276.54456
2019-12-02,0,0001,50.74,15.74,272.57495
2020-01-02,0,0001,50.74,15.74,270.94238
2020-02-02,0,0001,50.74,15.74,273.25464
2020-03-02,0,0001,50.74,15.74,273.7661
2020-04-02,0,0001,50.74,15.74,279.5603
2020-05-02,0,0001,50.74,15.74,281.43384
2020-06-02,0,0001,50.74,15.74,286.91016
2020-07-02,0,0001,50.74,15.74,287.99585
2020-08-02,0,0001,50.74,15.74,289.80298
2020-09-02,0,0001,50.74,15.74,285.6228
2020-10-02,0,0001,50.74,15.74,280.31836
2020-11-02,0,0001,50.74,15.74,275.84583
2020-12-02,0,0001,50.74,15.74,272.65356
2021-01-02,0,0001,50.74,15.74,268.77295
2021-02-02,0,0001,50.74,15.74,269.5979
2021-03-02,0,0001,50.74,15.74,272.80078
2021-04-02,0,0001,50.74,15.74,275.00854
2021-05-02,0,0001,50.74,15.74,280.9043
2021-06-02,0,0001,50.74,15.74,289.2168
2021-07-02,0,0001,50.74,15.74,289.5193
2021-08-02,0,0001,50.74,15.74,286.7859
2021-09-02,0,0001,50.74,15.74,285.5298
2021-10-02,0,0001,50.74,15.74,279.58118
2021-11-02,0,0001,50.74,15.74,275.0786
2021-12-02,0,0001,50.74,15.74,270.50708
2022-01-02,0,0001,50.74,15.74,271.03198
2022-02-02,0,0001,50.74,15.74,272.40918
2022-03-02,0,0001,50.74,15.74,273.46094
2022-04-02,0,0001,50.74,15.74,276.3274
2022-05-02,0,0001,50.74,15.74,284.39502
2022-06-02,0,0001,50.74,15.74,288.8606
2022-07-02,0,0001,50.74,15.74,288.99927
2022-08-02,0,0001,50.74,15.74,289.93677
2022-09-02,0,0001,50.74,15.74,282.74072
2022-10-02,0,0001,50.74,15.74,282.0204
2022-11-02,0,0001,50.74,15.74,275.2157
2022-12-02,0,0001,50.74,15.74,270.72888
2023-01-02,0,0001,50.74,15.74,272.68408
2023-02-02,0,0001,50.74,15.74,270.92017
2023-03-02,0,0001,50.74,15.74,274.12183
2023-04-02,0,0001,50.74,15.74,276.86035
2023-05-02,0,0001,50.74,15.74,282.75586
2023-06-02,0,0001,50.74,15.74,287.59644
2023-07-02,0,0005,50.74,15.74,289.67773
2023-08-02,0,0005,50.74,15.74,289.21582
